project_accession,species_latin_name,species_common_name,site_label,political_entity,paper_doi,paper_url,supplementary_source,source_artifact_path,source_artifact_kind,source_locator,exact_source_text,source_support_status,coordinate_basis,latitude_text,longitude_text,chronology_text,time_start_bp,time_end_bp,dating_basis,comparator_context,domestication_context,interpretation_note,support_gap_note
PRJEB90141,Capra hircus,goat,Acemhöyük,"Aksaray Plain, Turkey",10.1093/gbe/evaf181,https://doi.org/10.1093/gbe/evaf181,,data/adna/governance/source_library/papers/10.1093-gbe-evaf181/supplementary/GBE_Supplementary_Tables_S1-18_Goat_imputation.xlsx,supplementary_spreadsheet_row,Table S2 downsampled samples!row4,"Acem2 | 8.6300000000000008 | Acemhöyük | Aksaray Plain, Turkey | 38.540978000000003 | 33.771234 | M | 2035-1884 BCE | Bronze Age Central Turkish Domestic | 2.7199999999999998E-2 | 3.8699999999999998E-2 | SAMEA4591761 | 21846830 | 1846582",supplementary_table_row,supplementary_table_coordinates,38.540978000000003,33.771234,2035-1884 BCE,,,unknown,false,domesticated_core,This locality is backed by direct sample rows recovered from the supplementary table.,
PRJEB90141,Capra hircus,goat,Blagotin-Poljna,"Trstenik, Serbia",10.1093/gbe/evaf181,https://doi.org/10.1093/gbe/evaf181,,data/adna/governance/source_library/papers/10.1093-gbe-evaf181/supplementary/GBE_Supplementary_Tables_S1-18_Goat_imputation.xlsx,supplementary_spreadsheet_row,Table S2 downsampled samples!row3,"Blagotin3 | 11.4 | Blagotin-Poljna | Trstenik, Serbia | 43.723286000000002 | 21.099449 | M | 6081-5891 BCE | Neolithic Serbian Domestic | 3.9800000000000002E-2 | 5.5599999999999997E-2 | SAMEA4588077 | 21287328 | 1792217",supplementary_table_row,supplementary_table_coordinates,43.723286000000002,21.099449,6081-5891 BCE,,,unknown,false,domesticated_core,This locality is backed by direct sample rows recovered from the supplementary table.,
PRJEB90141,Capra hircus,goat,Direkli Cave,"Taurus Mountains, Turkey",10.1093/gbe/evaf181,https://doi.org/10.1093/gbe/evaf181,,data/adna/governance/source_library/papers/10.1093-gbe-evaf181/supplementary/GBE_Supplementary_Tables_S1-18_Goat_imputation.xlsx,supplementary_spreadsheet_row,Table S2 downsampled samples!row2,"Direkli1-2 | 11.21 | Direkli Cave | Taurus Mountains, Turkey | 37.857799999999997 | 36.653883 | F | 11367-11220 BCE | Turkish Bezoar, Taurus Mountains | 3.3399999999999999E-2 | 4.9500000000000002E-2 | SAMEA4453841; SAMEA4453842 | 19382004 | 1625844",supplementary_table_row,supplementary_table_coordinates,37.857799999999997,36.653883,11367-11220 BCE,,,unknown,false,domesticated_core,This locality is backed by direct sample rows recovered from the supplementary table.,
PRJEB90141,Capra hircus,goat,Sang-e Chakhmaq,"Semnan, Iran",10.1093/gbe/evaf181,https://doi.org/10.1093/gbe/evaf181,,data/adna/governance/source_library/papers/10.1093-gbe-evaf181/supplementary/GBE_Supplementary_Tables_S1-18_Goat_imputation.xlsx,supplementary_spreadsheet_row,Table S2 downsampled samples!row5,"Semnan3 | 14.44 | Sang-e Chakhmaq | Semnan, Iran | 36.504157999999997 | 55.000785999999998 | F | 6221-5990 BCE | Neolithic NE Iranian Domestic | 3.7999999999999999E-2 | 5.3499999999999999E-2 | SAMEA4591758 | 24517997 | 2089829",supplementary_table_row,supplementary_table_coordinates,36.504157999999997,55.000785999999998,6221-5990 BCE,,,unknown,false,domesticated_core,This locality is backed by direct sample rows recovered from the supplementary table.,
PRJEB90261,Capra hircus,goat,Aguadulce,Gran Canaria,10.1016/j.isci.2025.113771,https://doi.org/10.1016/j.isci.2025.113771,,data/adna/governance/source_library/papers/10.1016-j.isci.2025.113771/supplementary/1-s2.0-S2589004225020322-mmc3.xlsx,supplementary_spreadsheet_row,Table S2!row31,29 | CHIC-0028 | PGULL-1961 | LLD-1061 | Gran_Canaria | Aguadulce | 27.963740999999999 | -15.381411999999999 | 11th - 12th centuries CE (SUII) | Yes | No | Yes | 8.4459999999999993E-2 | 46.513300000000001 | 9.3582399999999996E-2 | 28271 | 1 | 78.129800000000003 | Yes | A8 |  108G [1230iA] 2705T | 1 ,supplementary_table_row,supplementary_table_coordinates,27.963740999999999,-15.381411999999999,11th - 12th centuries CE (SUII),,,unknown,false,domesticated_core,This locality is backed by direct sample rows recovered from the supplementary table.,
PRJEB90261,Capra hircus,goat,Belmaco,La Palma,10.1016/j.isci.2025.113771,https://doi.org/10.1016/j.isci.2025.113771,,data/adna/governance/source_library/papers/10.1016-j.isci.2025.113771/supplementary/1-s2.0-S2589004225020322-mmc3.xlsx,supplementary_spreadsheet_row,Table S2!row6,4 | CHIC-0004 | PGULL-2197 | LLD-1402 | La_Palma | Belmaco | 28.578600000000002 | -17.776199999999999 | 11th - 12th centuries CE (SU17-18) | Yes | No | Yes | 0.50455000000000005 | 68.465100000000007 | 0.197329 | 57938 | 1 | 223.239 | Yes | A2a  |  6138T 7886C 8457A 11981T 15145C | 1 | 191.321 | Yes ,supplementary_table_row,supplementary_table_coordinates,28.578600000000002,-17.776199999999999,11th - 12th centuries CE (SU17-18),,,unknown,false,domesticated_core,This locality is backed by direct sample rows recovered from the supplementary table.,
PRJEB90261,Capra hircus,goat,Buracas,La Palma,10.1016/j.isci.2025.113771,https://doi.org/10.1016/j.isci.2025.113771,,data/adna/governance/source_library/papers/10.1016-j.isci.2025.113771/supplementary/1-s2.0-S2589004225020322-mmc3.xlsx,supplementary_spreadsheet_row,Table S2!row7,5 | CHIC-0005 | PGULL-2201 | LLD-1404 | La_Palma | Buracas | 28.792400000000001 | -17.976500000000001 | 6th - 8th centuries CE (SU15) | Yes | No | No | 0.14019999999999999 | 80.254999999999995 | 0.29023100000000002 | 28732 | 1 | 129.85300000000001 | Yes | A8 | - | 1 | 111.098 | Yes | Reference | 3.0,supplementary_table_row,supplementary_table_coordinates,28.792400000000001,-17.976500000000001,6th - 8th centuries CE (SU15),,,unknown,false,domesticated_core,This locality is backed by direct sample rows recovered from the supplementary table.,
PRJEB90261,Capra hircus,goat,Caserones,Gran Canaria,10.1016/j.isci.2025.113771,https://doi.org/10.1016/j.isci.2025.113771,,data/adna/governance/source_library/papers/10.1016-j.isci.2025.113771/supplementary/1-s2.0-S2589004225020322-mmc3.xlsx,supplementary_spreadsheet_row,Table S2!row30,28 | CHIC-0029 | PGULL-2144 | LLD-1396 | Gran_Canaria | Caserones | 28.002673999999999 | -15.813492 | 13th - 14th centuries CE (SU13) | Yes | No | Yes | 2.5360000000000001E-2 | 44.540799999999997 | 0.127273 | 5971 | 0.99735600000000002 | 15.7836 | Yes | A8 | - | 1 | 12.994199999999999 | No | - | 3.4,supplementary_table_row,supplementary_table_coordinates,28.002673999999999,-15.813492,13th - 14th centuries CE (SU13),,,unknown,false,domesticated_core,This locality is backed by direct sample rows recovered from the supplementary table.,
PRJEB90261,Capra hircus,goat,Cueva de Bencomo,Tenerife,10.1016/j.isci.2025.113771,https://doi.org/10.1016/j.isci.2025.113771,,data/adna/governance/source_library/papers/10.1016-j.isci.2025.113771/supplementary/1-s2.0-S2589004225020322-mmc3.xlsx,supplementary_spreadsheet_row,Table S2!row21,19 | CHIC-0019 | PGULL-1786 | LLD-0893 | Tenerife | Cueva de Bencomo | 28.4071 | -16.5061 | 7th - 11th centuries CE (SU2) | Yes | Yes | Yes | 2.9399999999999999E-2 | 45.2318 | 0.24329200000000001 | 28375 | 1 | 75.704400000000007 | Yes | A8a |  3194A 6330A | 1 | 64.469899999999996 | Yes | 15898A [164,supplementary_table_row,supplementary_table_coordinates,28.4071,-16.5061,7th - 11th centuries CE (SU2),,,unknown,false,domesticated_core,This locality is backed by direct sample rows recovered from the supplementary table.,
PRJEB90261,Capra hircus,goat,Cueva de Villaverde,Fuerteventura,10.1016/j.isci.2025.113771,https://doi.org/10.1016/j.isci.2025.113771,,data/adna/governance/source_library/papers/10.1016-j.isci.2025.113771/supplementary/1-s2.0-S2589004225020322-mmc3.xlsx,supplementary_spreadsheet_row,Table S2!row40,38 | CHIC-0038 | PGULL-1233 | LLD-0478 | Fuerteventura | Cueva de Villaverde | 28.637195999999999 | -13.899853999999999 | 6th - 12th centuries CE (site) | Yes | No | No | 8.77E-3 | 42.529200000000003 | 0.27191300000000002 | 10258 | 0.99050700000000003 | 25.663900000000002 | No | A8  |  10586T | 0.93,supplementary_table_row,supplementary_table_coordinates,28.637195999999999,-13.899853999999999,6th - 12th centuries CE (site),,,unknown,false,domesticated_core,This locality is backed by direct sample rows recovered from the supplementary table.,
PRJEB90261,Capra hircus,goat,Cueva de la Herradura,El Hierro,10.1016/j.isci.2025.113771,https://doi.org/10.1016/j.isci.2025.113771,,data/adna/governance/source_library/papers/10.1016-j.isci.2025.113771/supplementary/1-s2.0-S2589004225020322-mmc3.xlsx,supplementary_spreadsheet_row,Table S2!row3,1 | CHIC-0001 | PGULL-1962 | LLD-1062 | El_Hierro | Cueva de la Herradura | 27.640201000000001 | -17.989809000000001 | 3rd - 4th centuries CE (SU110) | Yes | No | Yes | 2.8199999999999999E-2 | 42.401299999999999 | 0.103161 | 16194 | 0.99399099999999996 | 40.857399999999998 | Yes | A8a | - | 0.919209,supplementary_table_row,supplementary_table_coordinates,27.640201000000001,-17.989809000000001,3rd - 4th centuries CE (SU110),,,unknown,false,domesticated_core,This locality is backed by direct sample rows recovered from the supplementary table.,
PRJEB90261,Capra hircus,goat,Cuevas de Herrera González,La Gomera,10.1016/j.isci.2025.113771,https://doi.org/10.1016/j.isci.2025.113771,,data/adna/governance/source_library/papers/10.1016-j.isci.2025.113771/supplementary/1-s2.0-S2589004225020322-mmc3.xlsx,supplementary_spreadsheet_row,Table S2!row20,18 | CHIC-0018 | PGULL-0529 | LLD-0471 | La_Gomera | Cuevas de Herrera González | 28.174384 | -17.323678999999998 | 15th century CE (SU6) | Yes | Yes | Yes | 2.5270000000000001E-2 | 49.3108 | 0.228326 | 106005 | 1 | 306.40699999999998 | Yes | A8a |  15120A | 1 | 279.37599999999998 | Yes | [16498dC] ,supplementary_table_row,supplementary_table_coordinates,28.174384,-17.323678999999998,15th century CE (SU6),,,unknown,false,domesticated_core,This locality is backed by direct sample rows recovered from the supplementary table.,
PRJEB90261,Capra hircus,goat,El Chorrillo,Tenerife,10.1016/j.isci.2025.113771,https://doi.org/10.1016/j.isci.2025.113771,,data/adna/governance/source_library/papers/10.1016-j.isci.2025.113771/supplementary/1-s2.0-S2589004225020322-mmc3.xlsx,supplementary_spreadsheet_row,Table S2!row24,22 | CHIC-0022 | PGULL-2220 | LLD-1419 | Tenerife | El Chorrillo | 28.422000000000001 | -16.313300000000002 | 13th - 14th centuries CE (SU8) | Yes | No | No | 1.7559999999999999E-2 | 54.974299999999999 | 8.9034500000000003E-2 | 31227 | 1 | 102.53400000000001 | Yes | A8 |  7136G 8060C 8824C | 1 | 87.,supplementary_table_row,supplementary_table_coordinates,28.422000000000001,-16.313300000000002,13th - 14th centuries CE (SU8),,,unknown,false,domesticated_core,This locality is backed by direct sample rows recovered from the supplementary table.,
PRJEB90261,Capra hircus,goat,El Lomito del Medio,La Gomera,10.1016/j.isci.2025.113771,https://doi.org/10.1016/j.isci.2025.113771,,data/adna/governance/source_library/papers/10.1016-j.isci.2025.113771/supplementary/1-s2.0-S2589004225020322-mmc3.xlsx,supplementary_spreadsheet_row,Table S2!row12,10 | CHIC-0010 | PGULL-0515 | LLD-0093 | La_Gomera | El Lomito del Medio | 28.085573 | -17.149227 | 7th - 8th centuries CE (SU2) | Yes | Yes | Yes | 1.17E-3 | 41.489100000000001 | 0.268293 | 14129 | 0.99951900000000005 | 33.457999999999998 | Yes | A8a | - | 0.99505399999999999 | 26.884599999999999 |,supplementary_table_row,supplementary_table_coordinates,28.085573,-17.149227,7th - 8th centuries CE (SU2),,,unknown,false,domesticated_core,This locality is backed by direct sample rows recovered from the supplementary table.,
PRJEB90261,Capra hircus,goat,El Portalón,Burgos,10.1016/j.isci.2025.113771,https://doi.org/10.1016/j.isci.2025.113771,,data/adna/governance/source_library/papers/10.1016-j.isci.2025.113771/supplementary/1-s2.0-S2589004225020322-mmc3.xlsx,supplementary_spreadsheet_row,Table S2!row76,74 | CHIC-0074 | APOR012 | APOR012 | Burgos | El Portalón | 42.285299999999999 | -3.8334999999999999 | 86-237 cal CE (sample) | No | No | No | 0.31258613200000002 | 93.120400000000004 | 0.239062 | 6107 | 0.99982000000000004 | 32.772399999999998 | Yes | A4 | 2217T | 0.99752700000000005 | 28.508700000,supplementary_table_row,supplementary_table_coordinates,42.285299999999999,-3.8334999999999999,86-237 cal CE (sample),,,unknown,false,domesticated_core,This locality is backed by direct sample rows recovered from the supplementary table.,
PRJEB90261,Capra hircus,goat,El Tendal,La Palma,10.1016/j.isci.2025.113771,https://doi.org/10.1016/j.isci.2025.113771,,data/adna/governance/source_library/papers/10.1016-j.isci.2025.113771/supplementary/1-s2.0-S2589004225020322-mmc3.xlsx,supplementary_spreadsheet_row,Table S2!row8,6 | CHIC-0006 | PGULL-1964 | LLD-1063 | La_Palma | El Tendal | 28.787616 | -17.765601 | 11th - 12th centuries CE (SU104) | Yes | No | Yes | 5.8990000000000001E-2 | 57.763599999999997 | 7.8200599999999995E-2 | 62355 | 1 | 215.51 | Yes | A8a |  851A [1109d 1110d] | 1 | 192.23500000000001 | Yes | Refer,supplementary_table_row,supplementary_table_coordinates,28.787616,-17.765601,11th - 12th centuries CE (SU104),,,unknown,false,domesticated_core,This locality is backed by direct sample rows recovered from the supplementary table.,
PRJEB90261,Capra hircus,goat,Fiquinineo,Lanzarote,10.1016/j.isci.2025.113771,https://doi.org/10.1016/j.isci.2025.113771,,data/adna/governance/source_library/papers/10.1016-j.isci.2025.113771/supplementary/1-s2.0-S2589004225020322-mmc3.xlsx,supplementary_spreadsheet_row,Table S2!row58,56 | CHIC-0056 | PGULL-1963 | LLD-0955 | Lanzarote | Fiquinineo | 29.078037999999999 | -13.596783 | 11th - 12th centuries (SU3) | Yes | Yes | Yes | 2.0209999999999999E-2 | 46.2483 | 0.13808200000000001 | 22348 | 0.99994000000000005 | 60.345700000000001 | Yes | A8a | 68G 3177T 10153T | 0.999175999999,supplementary_table_row,supplementary_table_coordinates,29.078037999999999,-13.596783,11th - 12th centuries (SU3),,,unknown,false,domesticated_core,This locality is backed by direct sample rows recovered from the supplementary table.,
PRJEB90261,Capra hircus,goat,Hospital de San Martin - Calle San Marcial,Gran Canaria,10.1016/j.isci.2025.113771,https://doi.org/10.1016/j.isci.2025.113771,,data/adna/governance/source_library/papers/10.1016-j.isci.2025.113771/supplementary/1-s2.0-S2589004225020322-mmc3.xlsx,supplementary_spreadsheet_row,Table S2!row26,24 | CHIC-0024 | PGULL-1664 | LLD-0641 | Gran_Canaria | Hospital de San Martin - Calle San Marcial | 28.101313749999999 | -15.4148534 | 17th - 18th centuries CE (R3; SU72) | Yes | Yes | Yes | 6.6059999999999994E-2 | 43.465800000000002 | 0.21485299999999999 | 14158 | 0.99783699999999997 | 36.20400000,supplementary_table_row,supplementary_table_coordinates,28.101313749999999,-15.4148534,17th - 18th centuries CE (R3; SU72),,,unknown,false,domesticated_core,This locality is backed by direct sample rows recovered from the supplementary table.,
PRJEB90261,Capra hircus,goat,La Cañada de la Gurona,La Gomera,10.1016/j.isci.2025.113771,https://doi.org/10.1016/j.isci.2025.113771,,data/adna/governance/source_library/papers/10.1016-j.isci.2025.113771/supplementary/1-s2.0-S2589004225020322-mmc3.xlsx,supplementary_spreadsheet_row,Table S2!row16,14 | CHIC-0014 | PGULL-0533 | LLD-0099 | La_Gomera | La Cañada de la Gurona | 28.178343999999999 | -17.193563999999999 | 10th - 11th centuries CE (site) | Yes | No | No | 1.1990000000000001E-2 | 50.519500000000001 | 0.13683000000000001 | 16812 | 0.997116 | 50.730200000000004 | Yes | A8a | - | 0.9678,supplementary_table_row,supplementary_table_coordinates,28.178343999999999,-17.193563999999999,10th - 11th centuries CE (site),,,unknown,false,domesticated_core,This locality is backed by direct sample rows recovered from the supplementary table.,
PRJEB90261,Capra hircus,goat,La Fortaleza,Gran Canaria,10.1016/j.isci.2025.113771,https://doi.org/10.1016/j.isci.2025.113771,,data/adna/governance/source_library/papers/10.1016-j.isci.2025.113771/supplementary/1-s2.0-S2589004225020322-mmc3.xlsx,supplementary_spreadsheet_row,Table S2!row25,23 | CHIC-0023 | PGULL-1404 | LLD-0494 | Gran_Canaria | La Fortaleza | 27.881289408640399 | -15.527314352842801 | 7th - 8th centuries CE (SU8) | Yes | Yes | Yes | 5.5230000000000001E-2 | 45.043100000000003 | 0.30104900000000001 | 33911 | 1 | 86.58 | Yes | A8a | - | 1 | 70.550700000000006 | Yes | Ref,supplementary_table_row,supplementary_table_coordinates,27.881289408640399,-15.527314352842801,7th - 8th centuries CE (SU8),,,unknown,false,domesticated_core,This locality is backed by direct sample rows recovered from the supplementary table.,
PRJEB90261,Capra hircus,goat,Llano del Sombrero,Fuerteventura,10.1016/j.isci.2025.113771,https://doi.org/10.1016/j.isci.2025.113771,,data/adna/governance/source_library/papers/10.1016-j.isci.2025.113771/supplementary/1-s2.0-S2589004225020322-mmc3.xlsx,supplementary_spreadsheet_row,Table S2!row52,50 | CHIC-0050 | PGULL-1969 | LLD-1065 | Fuerteventura | Llano del Sombrero | 28.408760999999998 | -14.125189000000001 | 11th - 12th centuries (A; SU11) | Yes | No | Yes | 5.8900000000000003E-3 | 41.570300000000003 | 6.8337099999999998E-2 | 9589 | 0.98864399999999997 | 23.822199999999999 | Yes | A2a,supplementary_table_row,supplementary_table_coordinates,28.408760999999998,-14.125189000000001,11th - 12th centuries (A; SU11),,,unknown,false,domesticated_core,This locality is backed by direct sample rows recovered from the supplementary table.,
PRJEB90261,Capra hircus,goat,Lobos,Lobos,10.1016/j.isci.2025.113771,https://doi.org/10.1016/j.isci.2025.113771,,data/adna/governance/source_library/papers/10.1016-j.isci.2025.113771/supplementary/1-s2.0-S2589004225020322-mmc3.xlsx,supplementary_spreadsheet_row,Table S2!row60,58 | CHIC-0058 | PGULL-1295 | LLD-0497 | Lobos | Lobos | 28.741962000000001 | -13.825055000000001 | 1st century BCE - 3rd century CE (site) | Yes | No | No | 4.7E-2 | 42.363500000000002 | 0.33942600000000001 | 10681 | 0.98678100000000002 | 26.2804 | No | A8a | - | 0.87881299999999996 | 20.2514 | No ,supplementary_table_row,supplementary_table_coordinates,28.741962000000001,-13.825055000000001,1st century BCE - 3rd century CE (site),,,unknown,false,domesticated_core,This locality is backed by direct sample rows recovered from the supplementary table.,
PRJEB90261,Capra hircus,goat,Los Riscos de Ifara,Tenerife,10.1016/j.isci.2025.113771,https://doi.org/10.1016/j.isci.2025.113771,,data/adna/governance/source_library/papers/10.1016-j.isci.2025.113771/supplementary/1-s2.0-S2589004225020322-mmc3.xlsx,supplementary_spreadsheet_row,Table S2!row23,21 | CHIC-0021 | PGULL-2143 | LLD-1392 | Tenerife | Los Riscos de Ifara  | 28.084199999999999 | -16.5289 | 15th century CE (SU3) | Yes | No | Yes | 5.0600000000000003E-3 | 45.460599999999999 | 6.9788000000000003E-2 | 11977 | 0.99555400000000005 | 32.585999999999999 | Yes | A8 | - | 0.993404999999999,supplementary_table_row,supplementary_table_coordinates,28.084199999999999,-16.5289,15th century CE (SU3),,,unknown,false,domesticated_core,This locality is backed by direct sample rows recovered from the supplementary table.,
PRJEB90261,Capra hircus,goat,Playa Chica,Gran Canaria,10.1016/j.isci.2025.113771,https://doi.org/10.1016/j.isci.2025.113771,,data/adna/governance/source_library/papers/10.1016-j.isci.2025.113771/supplementary/1-s2.0-S2589004225020322-mmc3.xlsx,supplementary_spreadsheet_row,Table S2!row32,30 | CHIC-0027 | PGULL-1968 | LLD-0960 | Gran_Canaria | Playa Chica | 28.151167000000001 | -15.696242 | 12th - 13th centuries CE (Zone 1; SU2) | Yes | Yes | Yes | 0.10758 | 46.513300000000001 | 9.3582399999999996E-2 | 28271 | 1 | 78.129800000000003 | Yes | A8a |  6291T 10132C | 1 | 64.88290000000000,supplementary_table_row,supplementary_table_coordinates,28.151167000000001,-15.696242,12th - 13th centuries CE (Zone 1; SU2),,,unknown,false,domesticated_core,This locality is backed by direct sample rows recovered from the supplementary table.,
PRJEB90261,Capra hircus,goat,Punta del Mallorquín,Fuerteventura,10.1016/j.isci.2025.113771,https://doi.org/10.1016/j.isci.2025.113771,,data/adna/governance/source_library/papers/10.1016-j.isci.2025.113771/supplementary/1-s2.0-S2589004225020322-mmc3.xlsx,supplementary_spreadsheet_row,Table S2!row55,53 | CHIC-0053 | PGULL-1974 | LLD-1070 | Fuerteventura | Punta del Mallorquín | 28.665572999999998 | -14.008963 | 5th - 6th centuries (C; SU12) | Yes | No | Yes | 7.3899999999999999E-3 | 40.743699999999997 | 0.114859 | 6575 | 0.97914999999999996 | 15.982900000000001 | No | A8 | - | 0.840890000000000,supplementary_table_row,supplementary_table_coordinates,28.665572999999998,-14.008963,5th - 6th centuries (C; SU12),,,unknown,false,domesticated_core,This locality is backed by direct sample rows recovered from the supplementary table.,
PRJEB90261,Capra hircus,goat,Tigalate,La Palma,10.1016/j.isci.2025.113771,https://doi.org/10.1016/j.isci.2025.113771,,data/adna/governance/source_library/papers/10.1016-j.isci.2025.113771/supplementary/1-s2.0-S2589004225020322-mmc3.xlsx,supplementary_spreadsheet_row,Table S2!row11,9 | CHIC-0009 | PGULL-2146 | LLD-1395 | La_Palma | Tigalate | 28.552054999999999 | -17.812253999999999 | 15th - 17th centuries CE (site) | Yes | No | Yes | 2.1430000000000001E-2 | 48.599299999999999 | 6.4298800000000003E-2 | 6594 | 0.998197 | 19.055499999999999 | Yes | A8a | - | 0.99093200000000004 ,supplementary_table_row,supplementary_table_coordinates,28.552054999999999,-17.812253999999999,15th - 17th centuries CE (site),,,unknown,false,domesticated_core,This locality is backed by direct sample rows recovered from the supplementary table.,
PRJNA1328209,Capra hircus,goat,Lake Qinghai basin,China,10.24272/j.issn.2095-8137.2025.080,https://doi.org/10.24272/j.issn.2095-8137.2025.080,,data/adna/governance/source_library/papers/10.24272-j.issn.2095-8137.2025.080/supplementary/Supplementary_tables.xlsx,supplementary_spreadsheet_row,Table S2!row3,DC23 | Lake Qinghai basin | 36.584302000000001 | 100.50297500000001 | 6.7999999999999996E-3 | 6.0000000000000001E-3 | 0.12 | 82 | 36 | 444750 | 16134323 | 40.9 | 6.5399999999999998E-3 | 2652 | Male | 5.0000000000000001E-3 | C | 3480 – 3580a,supplementary_table_row,supplementary_table_coordinates,36.584302000000001,100.50297500000001,3480-3580 BP,,,unknown,false,domesticated_core,This locality is backed by direct sample rows recovered from the supplementary table.,
