genetic_id,master_id,group_id,locality,political_entity,latitude,longitude,publication,year_first_published,full_date,date_mean_bp,date_stddev_bp,time_start_bp,time_end_bp,time_mean_bp,time_label,data_type,molecular_sex,datasets
VK422.SG,7476,Norway_Viking,"Arnestad lille (25/1) (Nor South, Hedmark, Åmot)",Norway,61.15,11.34,MargaryanWillerslevNature2020,,900-1000 CE,1000,29,942,1058,1000,900-1000 CE,Shotgun,M,"1240k,ho"
VK394.SG,49669,Norway_Viking,"Arnestad store (24/1) (Nor South, Hedmark, Åmot)",Norway,61.15,11.34,MargaryanWillerslevNature2020,,900-1000 CE,1000,29,942,1058,1000,900-1000 CE,Shotgun,M,"1240k,ho"
VK394_d.SG,49802,Norway_Viking,"Arnestad store (24/1) (Nor South, Hedmark, Åmot)",Norway,61.15,11.34,MargaryanWillerslevNature2020,,900-1000 CE,1000,29,942,1058,1000,900-1000 CE,Shotgun,M,"1240k,ho"
CGG_2_105915.SG,117665,Norway_Aunvollen_Viking,Aunvollen (Central Norway/ Trøndelag),Norway,63.12322,16.90684,McCollWillerslevBioRxiv2025,,800-1050 calCE (1025±125 BP),943,134,675,1211,943,800-1050 calCE (1025±125 BP),Shotgun,M,"1240k,ho"
CGG_2_107012.SG,118021,Norway_Balsnes_IA,Balsnes (Northern Norway/ Troms),Norway,69.540721,18.853029,McCollWillerslevBioRxiv2025,,600-800 calCE (1250±100 BP),1155,99,957,1353,1155,600-800 calCE (1250±100 BP),Shotgun,M,"1240k,ho"
NOR119.HO,32113,Norwegian,Bergen,Norway,60.359,5.358,LazaridisKrauseNature2014,,present,0,0,0,0,0,present,HumanOrigins,M,ho
NOR124.HO,32116,Norwegian,Bergen,Norway,60.359,5.358,LazaridisKrauseNature2014,,present,0,0,0,0,0,present,HumanOrigins,M,ho
NOR106.HO,32153,Norwegian,Bergen,Norway,60.359,5.358,LazaridisKrauseNature2014,,present,0,0,0,0,0,present,HumanOrigins,M,ho
NOR101.HO,32161,Norwegian,Bergen,Norway,60.359,5.358,LazaridisKrauseNature2014,,present,0,0,0,0,0,present,HumanOrigins,M,ho
NOR146.HO,32174,Norwegian,Bergen,Norway,60.359,5.358,LazaridisKrauseNature2014,,present,0,0,0,0,0,present,HumanOrigins,M,ho
NOR108.HO,32182,Norwegian,Bergen,Norway,60.359,5.358,LazaridisKrauseNature2014,,present,0,0,0,0,0,present,HumanOrigins,M,ho
NOR126.HO,32187,Norwegian,Bergen,Norway,60.359,5.358,LazaridisKrauseNature2014,,present,0,0,0,0,0,present,HumanOrigins,M,ho
NOR107.HO,32198,Norwegian,Bergen,Norway,60.359,5.358,LazaridisKrauseNature2014,,present,0,0,0,0,0,present,HumanOrigins,M,ho
NOR109.HO,32206,Norwegian,Bergen,Norway,60.359,5.358,LazaridisKrauseNature2014,,present,0,0,0,0,0,present,HumanOrigins,M,ho
NOR148.HO,32236,Norwegian,Bergen,Norway,60.359,5.358,LazaridisKrauseNature2014,,present,0,0,0,0,0,present,HumanOrigins,M,ho
NOR111.HO,32253,Norwegian,Bergen,Norway,60.359,5.358,LazaridisKrauseNature2014,,present,0,0,0,0,0,present,HumanOrigins,M,ho
CGG_2_105634.SG,117643,Norway_Bergvin_EBA,Bergvin (Central Norway/ Trøndelag),Norway,63.74603,11.2983,McCollWillerslevBioRxiv2025,,1700-500 calBCE (3050±600 BP),3360,777,1806,4914,3360,1700-500 calBCE (3050±600 BP),Shotgun,F,"1240k,ho"
CGG_2_105635.SG,117645,Norway_Bergvin_EBA,Bergvin (Central Norway/ Trøndelag),Norway,63.74603,11.2983,McCollWillerslevBioRxiv2025,,"1433-1299 calBCE (3316±67 BP, UCIAMS-272872)",3549,82,3385,3713,3549,"1433-1299 calBCE (3316±67 BP, UCIAMS-272872)",Shotgun,F,"1240k,ho"
CGG_2_107020.SG,118035,Norway_BomoSnasaM_Roman,"Bomo, Snåsa M (Central Norway/Trøndelag)",Norway,64.263118,12.446387,McCollWillerslevBioRxiv2025,,300-400 calCE (1600±50 BP),1473,56,1361,1585,1473,300-400 calCE (1600±50 BP),Shotgun,F,"1240k,ho"
CGG_2_107036.SG,118067,Norway_BoleFlatangerMT210612A7271_IA_EarlyGermanic,"Bøle, Flatanger M, T21061:2, A7271 (Central Norway/ Trøndelag)",Norway,64.375798,10.631408,McCollWillerslevBioRxiv2025,,"258-649 calCE (1496±196 BP, DF-1848, T-7760)",1415,206,1003,1827,1415,"258-649 calCE (1496±196 BP, DF-1848, T-7760)",Shotgun,M,"1240k,ho"
CGG_2_107035.SG,118065,Norway_BoleFlatangerMT210613A7272_Roman,"Bøle, Flatanger M, T21061:3 A7272 (Central Norway/ Trøndelag)",Norway,64.375798,10.631408,McCollWillerslevBioRxiv2025,,"76-313 calCE (1756±118 BP, direct)",1658,136,1386,1930,1658,"76-313 calCE (1756±118 BP, direct)",Shotgun,M,"1240k,ho"
CGG_2_105640.SG,117653,Norway_Eid_MLN,"Eid (Central Norway/ Lines, Trøndelag)",Norway,64.0331,9.89233,McCollWillerslevBioRxiv2025,,2800-1700 calBCE (4200±550 BP),4764,695,3374,6154,4764,2800-1700 calBCE (4200±550 BP),Shotgun,F,"1240k,ho"
CGG_2_105641.SG,117655,Norway_Eid_MLN,"Eid (Central Norway/ Lines, Trøndelag)",Norway,64.0331,9.89233,McCollWillerslevBioRxiv2025,,2800-1700 calBCE (4200±550 BP),4764,695,3374,6154,4764,2800-1700 calBCE (4200±550 BP),Shotgun,F,"1240k,ho"
CGG_2_107037.SG,118069,Norway_EngeSomnaM_IA_LateGermanic,"Enge, Sømna M (Northern Norway/ Nordland)",Norway,65.274799,12.12716,McCollWillerslevBioRxiv2025,,"655-774 calCE (1236±60 BP, UCIAMS-289260)",1159,75,1009,1309,1159,"655-774 calCE (1236±60 BP, UCIAMS-289260)",Shotgun,M,"1240k,ho"
CGG_2_107011.SG,118019,Norway_Engholmen_IA_LateGermanic,Engholmen (Northern Norway/Troms),Norway,70.117388,19.017706,McCollWillerslevBioRxiv2025,,1200-700 BCE,2900,144,2612,3188,2900,1200-700 BCE,Shotgun,M,"1240k,ho"
CGG_2_107013.SG,118023,Norway_Engholmen2_IA_LateGermanic,Engholmen 2 (Northern Norway/Troms),Norway,70.117388,19.017706,McCollWillerslevBioRxiv2025,,600-700 calCE (1300±50 BP),1218,54,1110,1326,1218,600-700 calCE (1300±50 BP),Shotgun,M,"1240k,ho"
CGG_2_105916.SG,117667,Norway_Fauskland_LN_EBA_BellBeaker,"Fauskland (Central Norway/ Hitra, Trøndelag)",Norway,63.60579,14.85861,McCollWillerslevBioRxiv2025,,"2137-1984 calBCE (4010±76 BP, TRa-17220 & TRa-17221)",4503,134,4235,4771,4503,"2137-1984 calBCE (4010±76 BP, TRa-17220 & TRa-17221)",Shotgun,M,"1240k,ho"
CGG_2_105643.SG,117659,Norway_Folstad_EarlyRoman,Følstad (Central Norway/ Trøndelag),Norway,63.84097,11.38678,McCollWillerslevBioRxiv2025,,"39 calBCE - 108 calCE (1916±74 BP, UCIAMS-272873)",1837,91,1655,2019,1837,"39 calBCE - 108 calCE (1916±74 BP, UCIAMS-272873)",Shotgun,F,"1240k,ho"
CGG_2_107014.SG,118025,Norway_Fore1_Roman,Føre 1 (Northern Norway/ Nordland),Norway,68.666659,14.468748,McCollWillerslevBioRxiv2025,,300-400 calCE (1600±50 BP),1473,56,1361,1585,1473,300-400 calCE (1600±50 BP),Shotgun,F,"1240k,ho"
CGG_2_107015.SG,118027,Norway_Fore1_Roman,Føre 1 (Northern Norway/ Nordland),Norway,68.666659,14.468748,McCollWillerslevBioRxiv2025,,300-400 calCE (1600±50 BP),1473,56,1361,1585,1473,300-400 calCE (1600±50 BP),Shotgun,M,"1240k,ho"
VK420.SG,7474,Norway_Viking,"Hamar nor (Nor South, Innlandet, Hedmark)",Norway,60.8,11.1,MargaryanWillerslevNature2020,,700-1100 CE,1050,115,820,1280,1050,700-1100 CE,Shotgun,M,"1240k,ho"
CGG_2_107030.SG,118055,Norway_HolmBindalM_IA_LateGermanic,"Holm, Bindal M (Northern Norway / Nordland)",Norway,65.171328,12.11521,McCollWillerslevBioRxiv2025,,"673-773 calCE (1227±50 BP, UCIAMS-289258)",1153,70,1013,1293,1153,"673-773 calCE (1227±50 BP, UCIAMS-289258)",Shotgun,M,"1240k,ho"
hvr009.SG,40261,Norway_PreViking,"Horvnes (Nordland, Alstahaug)",Norway,66,12.7,Rodríguez-VarelaGötherströmCell2023,,60-215 calCE,1813,45,1723,1903,1813,60-215 calCE,Shotgun,F,"1240k,ho"
VK525.SG,7576,Norway_Viking,"Hov (19/1, Løkta) (Nordland, Dønna)",Norway,66.18,12.72,MargaryanWillerslevNature2020,,800-900 CE,1100,29,1042,1158,1100,800-900 CE,Shotgun,F,"1240k,ho"
NEO17.SG,46803,Norway_Mesolithic,"Hummervikholmen (Agder, Søgne nor)",Norway,58.064,7.7437,AllentoftWillerslevNature2024,,"7589-7368 calBCE (8446±51 BP, Ua-47892)",9384,51,9282,9486,9384,"7589-7368 calBCE (8446±51 BP, Ua-47892)",Shotgun,M,"1240k,ho"
Hum1.SG,6128,Norway_Mesolithic,"Hummervikholmen (Agder, Søgne nor)",Norway,58.064,7.7437,GüntherJakobssonPLoSBiol2018,,"7502-7325 calBCE (8703±27 BP) [R_Combine: TRa-954, TUa-1257, TRa-952, TUa-2106, TRa-951, TRa-953, TUa-2107)]",9364,51,9262,9466,9364,"7502-7325 calBCE (8703±27 BP) [R_Combine: TRa-954, TUa-1257, TRa-952, TUa-2106, TRa-951, TRa-953, TUa-2107)]",Shotgun,F,"1240k,ho"
Hum2.SG,6129,Norway_Mesolithic,"Hummervikholmen (Agder, Søgne nor)",Norway,58.064,7.7437,GüntherJakobssonPLoSBiol2018,,"7502-7325 calBCE (8703±27 BP) [R_Combine: TRa-954, TUa-1257, TRa-952, TUa-2106, TRa-951, TRa-953, TUa-2107)]",9364,51,9262,9466,9364,"7502-7325 calBCE (8703±27 BP) [R_Combine: TRa-954, TUa-1257, TRa-952, TUa-2106, TRa-951, TRa-953, TUa-2107)]",Shotgun,M,"1240k,ho"
CGG_2_107001.SG,117999,Norway_JarlsbergHerregaard_IA_LateGermanic,Jarlsberg Herregaard (Southern Norway/ Vestfold),Norway,59.29088516,10.38673557,McCollWillerslevBioRxiv2025,,500-1050 calCE (1175±275 BP),1107,261,585,1629,1107,500-1050 calCE (1175±275 BP),Shotgun,M,"1240k,ho"
VK387.SG,7442,Norway_Viking,"Jevnaker nor (Nor South, Viken, Oppland)",Norway,60.31,10.43,MargaryanWillerslevNature2020,,900-1100 CE,950,58,834,1066,950,900-1100 CE,Shotgun,F,"1240k,ho"
VK421.SG,7475,Norway_Viking,"Jevnaker nor (Nor South, Viken, Oppland)",Norway,60.31,10.43,MargaryanWillerslevNature2020,,900-1100 CE,950,58,834,1066,950,900-1100 CE,Shotgun,M,"1240k,ho"
CGG_2_107026.SG,118047,Norway_Joa_IA_LateGermanic,Joa (Central Norway/ Trøndelag),Norway,64.65448,11.208485,McCollWillerslevBioRxiv2025,,"429-549 calCE (1461±60 BP, UCIAMS-282670)",1360,54,1252,1468,1360,"429-549 calCE (1461±60 BP, UCIAMS-282670)",Shotgun,F,"1240k,ho"
CGG_2_107027.SG,118049,Norway_Joa_IA,Joa (Central Norway/ Trøndelag),Norway,64.65448,11.208485,McCollWillerslevBioRxiv2025,,"654-774 calCE (1236±60 BP, UCIAMS-282671)",1159,75,1009,1309,1159,"654-774 calCE (1236±60 BP, UCIAMS-282671)",Shotgun,F,"1240k,ho"
CGG_2_107028.SG,118051,Norway_Joa_IA_LateGermanic,Joa (Central Norway/ Trøndelag),Norway,64.65448,11.208485,McCollWillerslevBioRxiv2025,,550-700 calCE (1325±75 BP),1225,75,1075,1375,1225,550-700 calCE (1325±75 BP),Shotgun,F,"1240k,ho"
CGG_2_107032.SG,118059,Norway_JoaNamsosM_IA_LateGermanic,"Joa, Namsos M (Central Norway/ Trøndelag)",Norway,64.65448,11.208485,McCollWillerslevBioRxiv2025,,"652-774 calCE (1237±61 BP, UCIAMS-282672)",1159,76,1007,1311,1159,"652-774 calCE (1237±61 BP, UCIAMS-282672)",Shotgun,F,"1240k,ho"
CGG_2_107033.SG,118061,Norway_JoaNamsosM_IA_LateGermanic,"Joa, Namsos M (Central Norway/ Trøndelag)",Norway,64.65448,11.208485,McCollWillerslevBioRxiv2025,,"645-772 calCE (1242±64 BP, UCIAMS-282673)",1162,77,1008,1316,1162,"645-772 calCE (1242±64 BP, UCIAMS-282673)",Shotgun,F,"1240k,ho"
CGG_2_107034.SG,118063,Norway_JoaNamsosM_IA_LateGermanic,"Joa, Namsos M (Central Norway/ Trøndelag)",Norway,64.65448,11.208485,McCollWillerslevBioRxiv2025,,"661-774 calCE (1232±56 BP, UCIAMS-289259)",1157,74,1009,1305,1157,"661-774 calCE (1232±56 BP, UCIAMS-289259)",Shotgun,F,"1240k,ho"
CGG_2_105645.SG,117661,Norway_Krakeroy_EBA,Kråkerøy (Southern Norway/ Viken),Norway,59.178756,10.919039,McCollWillerslevBioRxiv2025,,"1420-1220 calBCE (3266±95 BP, Rijksuniversiteit Groningen)",3503,114,3275,3731,3503,"1420-1220 calBCE (3266±95 BP, Rijksuniversiteit Groningen)",Shotgun,M,"1240k,ho"
VK529.SG,7580,Norway_Viking,"Leines (6/-) (Nordland, Steigen)",Norway,67.64,14.79,MargaryanWillerslevNature2020,,700-900 CE,1150,58,1034,1266,1150,700-900 CE,Shotgun,M,"1240k,ho"
VK386.SG,7441,Norway_Viking,"Lesja nor (Nor South, Innlandet, Oppland)",Norway,62.09,9.05,MargaryanWillerslevNature2020,,800-1100 CE,1000,87,826,1174,1000,800-1100 CE,Shotgun,M,"1240k,ho"
CGG_2_107010.SG,118017,Norway_Lund_IA,Lund (Northern Norway/ Nordland),Norway,67.985361,15.181212,McCollWillerslevBioRxiv2025,,600-800 calCE (1250±100 BP),1155,99,957,1353,1155,600-800 calCE (1250±100 BP),Shotgun,M,"1240k,ho"
CGG_2_107024.SG,118043,Norway_LundNamsosM_IA_LateGermanic,"Lund, Namsos M (Central Norway/ Trøndelag)",Norway,64.769002,11.596496,McCollWillerslevBioRxiv2025,,"682-878 calCE (1170±98 BP, UCIAMS-282669)",1091,105,881,1301,1091,"682-878 calCE (1170±98 BP, UCIAMS-282669)",Shotgun,M,"1240k,ho"
VK415.SG,7470,Norway_Viking,"Lunner nor (Nor South, Viken, Oppland)",Norway,60.29,10.63,MargaryanWillerslevNature2020,,700-1100 CE,1050,115,820,1280,1050,700-1100 CE,Shotgun,F,"1240k,ho"
VK523.SG,7574,Norway_IA,"Melem (Herstaen) (84/-) (Sør-Trøndelag, Bjugn)",Norway,63.7,9.75,MargaryanWillerslevNature2020,,1-1000 CE,1450,288,874,2026,1450,1-1000 CE,Shotgun,F,"1240k,ho"
CGG_2_107017.SG,118031,Norway_NordRollnes_IA,Nord-Rollnes (Central Norway/ Trøndelag),Norway,68.870339,17.045914,McCollWillerslevBioRxiv2025,,550-800 calCE (1275±125 BP),1172,121,930,1414,1172,550-800 calCE (1275±125 BP),Shotgun,M,"1240k,ho"
CGG_2_107019.SG,118033,Norway_NordRollnes_IA,Nord-Rollnes (Central Norway/ Trøndelag),Norway,68.870339,17.045914,McCollWillerslevBioRxiv2025,,1300-1100 calBCE (1275±125 BP),1172,121,930,1414,1172,1300-1100 calBCE (1275±125 BP),Shotgun,M,"1240k,ho"
VK548.SG,7599,Norway_Viking,"Nord-Trøndelag (Stjørdal, Kil søndre)",Norway,63.44,11.22,MargaryanWillerslevNature2020,,800-900 CE,1100,29,1042,1158,1100,800-900 CE,Shotgun,F,"1240k,ho"
VK518.SG,7568,Norway_Viking-1,"Nordland, (17/- Vågehamn) (Nordland, Værøy)",Norway,67.69,12.7,MargaryanWillerslevNature2020,,800-900 CE,1100,29,1042,1158,1100,800-900 CE,Shotgun,F,"1240k,ho"
VK113.SG,7207,Norway_Medieval-o,Public Library Site/Folkebibliotekstomten (Trondheim),Norway,63.43,10.39,MargaryanWillerslevNature2020,,1100-1300 CE,750,58,634,866,750,1100-1300 CE,Shotgun,F,"1240k,ho"
VK114.SG,7208,Norway_Medieval,Public Library Site/Folkebibliotekstomten (Trondheim),Norway,63.43,10.39,MargaryanWillerslevNature2020,,1100-1300 CE,750,58,634,866,750,1100-1300 CE,Shotgun,F,"1240k,ho"
VK116.SG,7209,Norway_Medieval,Public Library Site/Folkebibliotekstomten (Trondheim),Norway,63.43,10.39,MargaryanWillerslevNature2020,,1100-1300 CE,750,58,634,866,750,1100-1300 CE,Shotgun,M,"1240k,ho"
VK117.SG,7210,Norway_Medieval,Public Library Site/Folkebibliotekstomten (Trondheim),Norway,63.43,10.39,MargaryanWillerslevNature2020,,1100-1300 CE,750,58,634,866,750,1100-1300 CE,Shotgun,M,"1240k,ho"
VK118.SG,7211,Norway_Medieval,Public Library Site/Folkebibliotekstomten (Trondheim),Norway,63.43,10.39,MargaryanWillerslevNature2020,,1100-1300 CE,750,58,634,866,750,1100-1300 CE,Shotgun,F,"1240k,ho"
VK124.SG,7215,Norway_Medieval,Public Library Site/Folkebibliotekstomten (Trondheim),Norway,63.43,10.39,MargaryanWillerslevNature2020,,1100-1300 CE,750,58,634,866,750,1100-1300 CE,Shotgun,F,"1240k,ho"
VK125.SG,7216,Norway_Medieval-o,Public Library Site/Folkebibliotekstomten (Trondheim),Norway,63.43,10.39,MargaryanWillerslevNature2020,,1100-1300 CE,750,58,634,866,750,1100-1300 CE,Shotgun,U,"1240k,ho"
VK393.SG,7448,Norway_Viking,"Ringsaker nor (Nor South, Innlandet, Hedmark)",Norway,60.84,11,MargaryanWillerslevNature2020,,900-1000 CE,1000,29,942,1058,1000,900-1000 CE,Shotgun,F,"1240k,ho"
VK448.SG,7500,Norway_Viking,"Ringsaker nor (Nor South, Innlandet, Hedmark)",Norway,60.84,11,MargaryanWillerslevNature2020,,700-1100 CE,1050,115,820,1280,1050,700-1100 CE,Shotgun,F,"1240k,ho"
CGG_2_107044.SG,118083,Norway_RjoaSola_LateRoman,"Rjoa, Sola (Western Norway/ Rogland)",Norway,58.900214,5.652246,McCollWillerslevBioRxiv2025,,325-400 calCE (1588±38 BP),1464,43,1378,1550,1464,325-400 calCE (1588±38 BP),Shotgun,F,"1240k,ho"
CGG_2_107029.SG,118053,Norway_RoyneOrlandetM_LateRoman,"Royne, Orlandet M (Central Norway/ Trøndelag)",Norway,63.715837,9.642296,McCollWillerslevBioRxiv2025,,300-400 calCE (1600±50 BP),1473,56,1361,1585,1473,300-400 calCE (1600±50 BP),Shotgun,F,"1240k,ho"
VK515.SG,7565,Norway_Viking,"Rønvik nedre (32/100, Rønvik) (Nordland, Bodø)",Norway,67.28,14.39,MargaryanWillerslevNature2020,,900-1000 CE,1000,29,942,1058,1000,900-1000 CE,Shotgun,M,"1240k,ho"
VK530.SG,7581,Norway_Viking,"Rønvik nedre (32/100, Rønvik) (Nordland, Bodø)",Norway,67.28,14.39,MargaryanWillerslevNature2020,,900-1000 CE,1000,29,942,1058,1000,900-1000 CE,Shotgun,F,"1240k,ho"
VK419.SG,7473,Norway_Viking,"Rønvik Øvre (31/-) (Nordland, Bodø)",Norway,67.29,14.42,MargaryanWillerslevNature2020,,500-1000 CE,1200,144,912,1488,1200,500-1000 CE,Shotgun,M,"1240k,ho"
VK417.SG,7471,Norway_Viking,"Sandeødegården on Nedre Hov (262/- or 263/-, Lindbak) (Nor South, Oppland, Gran)",Norway,60.36,10.57,MargaryanWillerslevNature2020,,600-1100 CE,1100,144,812,1388,1100,600-1100 CE,Shotgun,F,"1240k,ho"
CGG_2_107042.SG,118079,Norway_SkeieKlepp_IA_EarlyGermanic,"Skeie, Klepp (Western Norway/ Rogaland)",Norway,58.693992,5.547228,McCollWillerslevBioRxiv2025,,400-550 calCE (1475±75 BP),1380,70,1240,1520,1380,400-550 calCE (1475±75 BP),Shotgun,M,"1240k,ho"
CGG_2_107043.SG,118081,Norway_SkeieKlepp_IA_EarlyGermanic,"Skeie, Klepp (Western Norway/ Rogaland)",Norway,58.693992,5.547228,McCollWillerslevBioRxiv2025,,400-550 calCE (1475±75 BP),1380,70,1240,1520,1380,400-550 calCE (1475±75 BP),Shotgun,M,"1240k,ho"
VK389.SG,7444,Norway_Viking,"Skien nor (Nor South, Vestfold og Telemark, Telemark)",Norway,59.22,9.59,MargaryanWillerslevNature2020,,900-1000 CE,1000,29,942,1058,1000,900-1000 CE,Shotgun,M,"1240k,ho"
VK390.SG,7445,Norway_IA,"Skien nor (Nor South, Vestfold og Telemark, Telemark)",Norway,59.22,9.59,MargaryanWillerslevNature2020,,400-600 CE,1450,58,1334,1566,1450,400-600 CE,Shotgun,M,"1240k,ho"
VK391.SG,7446,Norway_IA,"Skien nor (Nor South, Vestfold og Telemark, Telemark)",Norway,59.22,9.59,MargaryanWillerslevNature2020,,400-600 CE,1450,58,1334,1566,1450,400-600 CE,Shotgun,F,"1240k,ho"
VK392.SG,7447,Norway_Viking,"Skien nor (Nor South, Vestfold og Telemark, Telemark)",Norway,59.22,9.59,MargaryanWillerslevNature2020,,700-1000 CE,1100,87,926,1274,1100,700-1000 CE,Shotgun,F,"1240k,ho"
CGG_2_105636.SG,117647,Norway_Skjeggesnes_EBA,Skjeggesnes (Northern Norway/ Nordland),Norway,63.74603,11.2983,McCollWillerslevBioRxiv2025,,"1300-1100 calBCE (3150±100 BP, TUa-2472)",3349,124,3101,3597,3349,"1300-1100 calBCE (3150±100 BP, TUa-2472)",Shotgun,M,"1240k,ho"
CGG_2_105638.SG,117649,Norway_Skjeggesnes_EBA,Skjeggesnes (Northern Norway/ Nordland),Norway,63.74603,11.2983,McCollWillerslevBioRxiv2025,,1300-1100 calBCE (3150±100 BP),3349,124,3101,3597,3349,1300-1100 calBCE (3150±100 BP),Shotgun,F,"1240k,ho"
CGG_2_105639.SG,117651,Norway_Skjeggesnes_EBA,Skjeggesnes (Northern Norway/ Nordland),Norway,63.74603,11.2983,McCollWillerslevBioRxiv2025,,1300-1100 calBCE (3150±100 BP),3349,124,3101,3597,3349,1300-1100 calBCE (3150±100 BP),Shotgun,F,"1240k,ho"
VK414.SG,7469,Norway_Viking,"Skjåk nor (Nor South, Innlandet, Oppland)",Norway,61.88,8.4,MargaryanWillerslevNature2020,,900-1100 CE,950,58,834,1066,950,900-1100 CE,Shotgun,M,"1240k,ho"
CGG_2_107004.SG,118005,Norway_Skongeneshelleren_Roman,Skongeneshelleren (Western Norway/ Sogn and Fjordane),Norway,62.02973527,5.126940543,McCollWillerslevBioRxiv2025,,"9-124 calCE (1884±58 BP, UCIAMS-282667)",1799,72,1655,1943,1799,"9-124 calCE (1884±58 BP, UCIAMS-282667)",Shotgun,M,"1240k,ho"
CGG_2_107005.SG,118007,Norway_Skongeneshelleren_Roman,Skongeneshelleren (Western Norway/ Sogn and Fjordane),Norway,62.02973527,5.126940543,McCollWillerslevBioRxiv2025,,"88-211 calCE (1800±62 BP, UCIAMS-289257)",1694,78,1538,1850,1694,"88-211 calCE (1800±62 BP, UCIAMS-289257)",Shotgun,M,"1240k,ho"
CGG_2_107006.SG,118009,Norway_Skongeneshelleren_IA,Skongeneshelleren (Western Norway/ Sogn and Fjordane),Norway,62.02973527,5.126940543,McCollWillerslevBioRxiv2025,,400-550 calCE (1475±75 BP),1380,70,1240,1520,1380,400-550 calCE (1475±75 BP),Shotgun,M,"1240k,ho"
CGG_2_107007.SG,118011,Norway_Skongeneshelleren_IA,Skongeneshelleren (Western Norway/ Sogn and Fjordane),Norway,62.02973527,5.126940543,McCollWillerslevBioRxiv2025,,400-550 calCE (1475±75 BP),1380,70,1240,1520,1380,400-550 calCE (1475±75 BP),Shotgun,M,"1240k,ho"
CGG_2_107008.SG,118013,Norway_Skongeneshelleren_IA,Skongeneshelleren (Western Norway/ Sogn and Fjordane),Norway,62.02973527,5.126940543,McCollWillerslevBioRxiv2025,,400-550 calCE (1475±75 BP),1380,70,1240,1520,1380,400-550 calCE (1475±75 BP),Shotgun,F,"1240k,ho"
CGG_2_107009.SG,118015,Norway_Skongeneshelleren_IA,Skongeneshelleren (Western Norway/ Sogn and Fjordane),Norway,62.02973527,5.126940543,McCollWillerslevBioRxiv2025,,400-550 calCE (1475±75 BP),1380,70,1240,1520,1380,400-550 calCE (1475±75 BP),Shotgun,M,"1240k,ho"
CGG_2_105642.SG,117657,Norway_Solsem_LN_EBA,"Solsem (Central Norway/ Leka, Trøndelag)",Norway,65.0537443,11.5510834,McCollWillerslevBioRxiv2025,,"1871-1686 calBCE (3728±92 BP, TRa-17217 & TRa-17218, disarticulated skeletons)",4093,137,3819,4367,4093,"1871-1686 calBCE (3728±92 BP, TRa-17217 & TRa-17218, disarticulated skeletons)",Shotgun,F,"1240k,ho"
Steigen.SG,6134,Norway_N,"Steigen (Nordland, Steigen nor)",Norway,67.81,14.681,GüntherJakobssonPLoSBiol2018,,4000-3814 calBCE,5857,54,5749,5965,5857,4000-3814 calBCE,Shotgun,M,"1240k,ho"
VK519.SG,7569,Norway_Viking-2,"Steigen Mellem (78/- Hagbartsholm) (Nordland, Steigen)",Norway,67.93,14.96,MargaryanWillerslevNature2020,,500-1000 CE,1200,144,912,1488,1200,500-1000 CE,Shotgun,M,"1240k,ho"
VK418.SG,7472,Norway_IA,"Steigen øvre (77/1) (Nordland, Steigen)",Norway,67.94,14.98,MargaryanWillerslevNature2020,,300-400 CE,1600,29,1542,1658,1600,300-400 CE,Shotgun,M,"1240k,ho"
VK547.SG,7598,Norway_Viking,"Stokke (79/1) (Nordland, Tjelsund)",Norway,68.55,16.4,MargaryanWillerslevNature2020,,700-1100 CE,1050,115,820,1280,1050,700-1100 CE,Shotgun,M,"1240k,ho"
CGG_2_107038.SG,118071,Norway_StorfosenOrlandM_IA_LateGermanic,"Storfosen, Ørland M (Central Norway/ Trøndelag)",Norway,63.658607,9.421869,McCollWillerslevBioRxiv2025,,550-700 calCE (1325±75 BP),1225,75,1075,1375,1225,550-700 calCE (1325±75 BP),Shotgun,F,"1240k,ho"
CGG_2_105604.SG,117617,Norway_Sund_LN_EBA,Sund (Central Norway/ Trøndelag),Norway,63.8604,11.307,McCollWillerslevBioRxiv2025,,"1875-1686 calBCE (3730±94 BP, UCIAMS-282658)",4096,140,3816,4376,4096,"1875-1686 calBCE (3730±94 BP, UCIAMS-282658)",Shotgun,M,"1240k,ho"
CGG_2_105606.SG,117619,Norway_Sund_EBA,Sund (Central Norway/ Trøndelag),Norway,63.8604,11.307,McCollWillerslevBioRxiv2025,,1400-1100 calBCE (3200±150 BP),3416,193,3030,3802,3416,1400-1100 calBCE (3200±150 BP),Shotgun,M,"1240k,ho"
CGG_2_105608.SG,117621,Norway_Sund_LN,Sund (Central Norway/ Trøndelag),Norway,63.8604,11.307,McCollWillerslevBioRxiv2025,,"2021-1890 calBCE (3906±66 BP, UCIAMS-282659)",4328,98,4132,4524,4328,"2021-1890 calBCE (3906±66 BP, UCIAMS-282659)",Shotgun,M,"1240k,ho"
CGG_2_105610.SG,117623,Norway_Sund_EBA,Sund (Central Norway/ Trøndelag),Norway,63.8604,11.307,McCollWillerslevBioRxiv2025,,"1870-1641 calBCE (3706±114 BP, TRa-21967)",4065,165,3735,4395,4065,"1870-1641 calBCE (3706±114 BP, TRa-21967)",Shotgun,M,"1240k,ho"
CGG_2_105612.SG,117625,Norway_Sund_LN,Sund (Central Norway/ Trøndelag),Norway,63.8604,11.307,McCollWillerslevBioRxiv2025,,"1880-1745 calBCE (3762±68 BP, UCIAMS-275208)",4136,111,3914,4358,4136,"1880-1745 calBCE (3762±68 BP, UCIAMS-275208)",Shotgun,M,"1240k,ho"
CGG_2_105617.SG,117627,Norway_Sund_EBA,Sund (Central Norway/ Trøndelag),Norway,63.8604,11.307,McCollWillerslevBioRxiv2025,,1400-1100 calBCE (3200±150 BP),3416,193,3030,3802,3416,1400-1100 calBCE (3200±150 BP),Shotgun,M,"1240k,ho"
CGG_2_105622.SG,117629,Norway_Sund_EBA,Sund (Central Norway/ Trøndelag),Norway,63.8604,11.307,McCollWillerslevBioRxiv2025,,"1877-1692 calBCE (3734±92 BP, TRa-21973)",4101,137,3827,4375,4101,"1877-1692 calBCE (3734±92 BP, TRa-21973)",Shotgun,M,"1240k,ho"
CGG_2_105623.SG,117631,Norway_Sund_EBA,Sund (Central Norway/ Trøndelag),Norway,63.8604,11.307,McCollWillerslevBioRxiv2025,,"2010-1829 calBCE (3870±90 BP, TRa-21969)",4282,131,4020,4544,4282,"2010-1829 calBCE (3870±90 BP, TRa-21969)",Shotgun,M,"1240k,ho"
CGG_2_105626.SG,117633,Norway_Sund_EBA,Sund (Central Norway/ Trøndelag),Norway,63.8604,11.307,McCollWillerslevBioRxiv2025,,1400-1100 calBCE (3200±150 BP),3416,193,3030,3802,3416,1400-1100 calBCE (3200±150 BP),Shotgun,M,"1240k,ho"
CGG_2_105628.SG,117635,Norway_Sund_LN,Sund (Central Norway/ Trøndelag),Norway,63.8604,11.307,McCollWillerslevBioRxiv2025,,"1888-1750 calBCE (3769±69 BP, UCIAMS-275209)",4147,113,3921,4373,4147,"1888-1750 calBCE (3769±69 BP, UCIAMS-275209)",Shotgun,M,"1240k,ho"
CGG_2_105629.SG,117637,Norway_Sund_EBA,Sund (Central Norway/ Trøndelag),Norway,63.8604,11.307,McCollWillerslevBioRxiv2025,,1400-1100 calBCE (3200±150 BP),3416,193,3030,3802,3416,1400-1100 calBCE (3200±150 BP),Shotgun,M,"1240k,ho"
CGG_2_105631.SG,117639,Norway_Sund_EBA,Sund (Central Norway/ Trøndelag),Norway,63.8604,11.307,McCollWillerslevBioRxiv2025,,1400-1100 calBCE (3200±150 BP),3416,193,3030,3802,3416,1400-1100 calBCE (3200±150 BP),Shotgun,M,"1240k,ho"
CGG_2_105632.SG,117641,Norway_Sund_EBA,Sund (Central Norway/ Trøndelag),Norway,63.8604,11.307,McCollWillerslevBioRxiv2025,,1400-1100 calBCE (3200±150 BP),3416,193,3030,3802,3416,1400-1100 calBCE (3200±150 BP),Shotgun,M,"1240k,ho"
VK526.SG,7577,Norway_Viking,"Sørherøy (Prestegården, 4/1) (Nordland, Herøy)",Norway,65.97,12.27,MargaryanWillerslevNature2020,,800-900 CE,1100,29,1042,1158,1100,800-900 CE,Shotgun,F,"1240k,ho"
CGG_2_105600.SG,117611,Norway_Toldnes_EBA,Toldnes (Central Norway/ Trøndelag),Norway,63.9758,11.3946,McCollWillerslevBioRxiv2025,,1300-1100 calBCE (3150±100 BP),3349,124,3101,3597,3349,1300-1100 calBCE (3150±100 BP),Shotgun,M,"1240k,ho"
CGG_2_105601.SG,117613,Norway_Toldnes_EBA,Toldnes (Central Norway/ Trøndelag),Norway,63.9758,11.3946,McCollWillerslevBioRxiv2025,,"129-234 calCE (1768±52 BP, UCIAMS-286998)",1655,61,1533,1777,1655,"129-234 calCE (1768±52 BP, UCIAMS-286998)",Shotgun,F,"1240k,ho"
CGG_2_105602.SG,117615,Norway_Toldnes_EBA,Toldnes (Central Norway/ Trøndelag),Norway,63.9758,11.3946,McCollWillerslevBioRxiv2025,,"1441-1007 calBCE (3174±217 BP, TUa-2471)",3390,276,2838,3942,3390,"1441-1007 calBCE (3174±217 BP, TUa-2471)",Shotgun,M,"1240k,ho"
CGG_2_107021.SG,118037,Norway_TomeideNesnaM_LateRoman,"Tomeide, Nesna M (Northern Norway/ Nordland)",Norway,66.262731,12.724308,McCollWillerslevBioRxiv2025,,300-400 calCE (1600±50 BP),1473,56,1361,1585,1473,300-400 calCE (1600±50 BP),Shotgun,M,"1240k,ho"
CGG_2_107022.SG,118039,Norway_TomeideNesnaM_Roman,"Tomeide, Nesna M (Northern Norway/ Nordland)",Norway,66.262731,12.724308,McCollWillerslevBioRxiv2025,,"129-234 calCE (1768±52 BP, UCIAMS-282870)",1655,61,1533,1777,1655,"129-234 calCE (1768±52 BP, UCIAMS-282870)",Shotgun,M,"1240k,ho"
CGG_2_107023.SG,118041,Norway_TomeideNesnaM_IA_LateGermanic,"Tomeide, Nesna M (Northern Norway/ Nordland)",Norway,66.262731,12.724308,McCollWillerslevBioRxiv2025,,"599-652 calCE (1324±26 BP, UCIAMS-282668)",1240,41,1158,1322,1240,"599-652 calCE (1324±26 BP, UCIAMS-282668)",Shotgun,M,"1240k,ho"
VK524.SG,7575,Norway_Viking,"Tommeidet (98/22) (Nordland, Nesna)",Norway,66.26,12.73,MargaryanWillerslevNature2020,,900-1000 CE,1000,29,942,1058,1000,900-1000 CE,Shotgun,M,"1240k,ho"
VK528.SG,7579,Norway_Viking,"Trygstad i Bø (188/10) (Troms, Tromsø, Tussøy)",Norway,69.47,18,MargaryanWillerslevNature2020,,700-900 CE,1150,58,1034,1266,1150,700-900 CE,Shotgun,M,"1240k,ho"
VK531.SG,7582,Norway_LN_BA,"Trygstad i Bø (188/10) (Troms, Tromsø, Tussøy)",Norway,69.47,18,MargaryanWillerslevNature2020,,"2559-2290 calBCE (3918±36 BP, UBA-36964)",4347,61,4225,4469,4347,"2559-2290 calBCE (3918±36 BP, UBA-36964)",Shotgun,M,"1240k,ho"
VK520.SG,7571,Norway_Viking,"Tussøy, (188/1) (Troms, Tromsø)",Norway,69.47,18,MargaryanWillerslevNature2020,,900-1000 CE,1000,29,942,1058,1000,900-1000 CE,Shotgun,F,"1240k,ho"
CGG_2_107002.SG,118001,Norway_Tyrifjorden_PreImperialRoman,Tyrifjorden (Southern Norway/ Buskerud),Norway,60.05727068,10.22125778,McCollWillerslevBioRxiv2025,,500 calBCE-200 calCE (2100±350 BP),2127,414,1299,2955,2127,500 calBCE-200 calCE (2100±350 BP),Shotgun,F,"1240k,ho"
CGG_2_107003.SG,118003,Norway_Tyrifjorden_Roman,Tyrifjorden (Southern Norway/ Buskerud),Norway,60.05727068,10.22125778,McCollWillerslevBioRxiv2025,,"9-124 calCE (1884±58 BP, UCIAMS-282666)",1799,72,1655,1943,1799,"9-124 calCE (1884±58 BP, UCIAMS-282666)",Shotgun,F,"1240k,ho"
CGG_2_107031.SG,118057,Norway_ValstadVerdalM_LateRoman,"Valstad, Verdal M (Central Norway/ Trøndelag)",Norway,63.769191,11.521827,McCollWillerslevBioRxiv2025,,250-320 calCE (1665±35 BP),1556,62,1432,1680,1556,250-320 calCE (1665±35 BP),Shotgun,F,"1240k,ho"
CGG_2_105650.SG,117663,Norway_Verket_LN,Verket (Southern Norway/ Viken),Norway,59.613974,10.418527,McCollWillerslevBioRxiv2025,,"1950-1770 calBCE (3810±90 BP, unknown)",4206,133,3940,4472,4206,"1950-1770 calBCE (3810±90 BP, unknown)",Shotgun,M,"1240k,ho"
CGG_2_107039.SG,118073,Norway_VikKlepp_IA_LateGermanic,"Vik, Klepp (Western Norway/ Rogaland)",Norway,58.712198,5.525827,McCollWillerslevBioRxiv2025,,600-800 calCE (1250±100 BP),1155,99,957,1353,1155,600-800 calCE (1250±100 BP),Shotgun,M,"1240k,ho"
CGG_2_107040.SG,118075,Norway_VikKlepp_IA_LateGermanic,"Vik, Klepp (Western Norway/ Rogaland)",Norway,58.712198,5.525827,McCollWillerslevBioRxiv2025,,600-800 calCE (1250±100 BP),1155,99,957,1353,1155,600-800 calCE (1250±100 BP),Shotgun,M,"1240k,ho"
CGG_2_107041.SG,118077,Norway_VikKlepp_IA_LateGermanic,"Vik, Klepp (Western Norway/ Rogaland)",Norway,58.712198,5.525827,McCollWillerslevBioRxiv2025,,"675-774 calCE (1226±50 BP, UCIAMS-289261)",1152,70,1012,1292,1152,"675-774 calCE (1226±50 BP, UCIAMS-289261)",Shotgun,M,"1240k,ho"
CGG_2_107025.SG,118045,Norway_VikOrlandetMT2812611_IA_EarlyGermanic,"Vik, Orlandet M, T28126: 11 (Central Norway/ Trøndelag)",Norway,63.699306,9.64023,McCollWillerslevBioRxiv2025,,"248-377 calCE (1638±64 BP, direct)",1518,81,1356,1680,1518,"248-377 calCE (1638±64 BP, direct)",Shotgun,F,"1240k,ho"
VK514.SG,7564,Norway_Viking,"Vikran Nordre (71/2) (Nordland, Steigen)",Norway,67.91,15.13,MargaryanWillerslevNature2020,,500-1000 CE,1200,144,912,1488,1200,500-1000 CE,Shotgun,M,"1240k,ho"
CGG_2_107016.SG,118029,Norway_YtreKvaroyLuroy_IA_LateGermanic,"Ytre Kvaroy, Lurøy (Northern Norway/ Nordland)",Norway,66.49002,12.934392,McCollWillerslevBioRxiv2025,,550-750 calCE (1300±100 BP),1196,99,998,1394,1196,550-750 calCE (1300±100 BP),Shotgun,M,"1240k,ho"
VK388.SG,7443,Norway_Viking,"Ytterstad (17/-) (Nordland, Lødingen)",Norway,68.34,15.66,MargaryanWillerslevNature2020,,700-1600 CE,800,260,280,1320,800,700-1600 CE,Shotgun,M,"1240k,ho"
VK516.SG,7566,Norway_Viking,"Østråt (Austrått) (82/91) (Sør-Trøndelag, Ørlandet)",Norway,63.7,9.75,MargaryanWillerslevNature2020,,900-1000 CE,1000,29,942,1058,1000,900-1000 CE,Shotgun,M,"1240k,ho"
