project_accession,species_latin_name,source_surface,source_claim_scope,supporting_sample_count,original_locality_text,resolved_locality_text,locality_class,site_name,municipality_name,region_name,country_name,broader_geography,geocoding_safe_token,source_artifact_path,source_artifact_kind,source_locator,source_excerpt
PRJEB44430,Equus caballus,supplementary_table,sample_owned_locality,3,Acemhoyuk,Acemhoyuk,excavation_site,Acemhoyuk,,,Turkey,,acemhoyuk,data/adna/governance/source_library/papers/10.1038-s41586-021-04018-9/supplementary/41586_2021_4018_MOESM5_ESM.xlsx,supplementary_spreadsheet_row,SI Table 1!row23,"AC7970_Tur_m290 | 38.411227 N, 33.835694 E | Acemhoyuk | Turkey | DOM2 | settlement, Iron Age | 199632 | 2225 | 20 | -378 | -202 | 290 | 2240 | M | this study | 1 | 4 | 4 | 355377381 | 259742926 | 615120307 | - | - | - | 268.77723187499998 | 1.40326908756 | 1.0189999999999999E-3 | 0.6741155015940000"
PRJEB44430,Equus caballus,supplementary_table,sample_owned_locality,4,Aleksandrovskoe IV,Aleksandrovskoe IV,excavation_site,Aleksandrovskoe IV,,,Russia,,aleksandrovskoeiv,data/adna/governance/source_library/papers/10.1038-s41586-021-04018-9/supplementary/41586_2021_4018_MOESM5_ESM.xlsx,supplementary_spreadsheet_row,SI Table 1!row234,"UR17x67_Rus_m2774 | 53.974236 N, 74.884425 E | Aleksandrovskoe IV | Russia | BOTAI | settlement, Eneolithic Krokhalev Culture | 199253 | 4165 | 15 | -2877 | -2670 | 2774 | 4724 | M | this study | 1 | 4 | 4 | 583642433 | 170068020 | 753710453 | - | - | - | 204.425404434 | 2.7982527025600001 | 9.75999"
PRJEB44430,Equus caballus,supplementary_table,sample_owned_locality,1,Algay,Algay,excavation_site,Algay,,,Russia,,algay,data/adna/governance/source_library/papers/10.1038-s41586-021-04018-9/supplementary/41586_2021_4018_MOESM5_ESM.xlsx,supplementary_spreadsheet_row,SI Table 1!row125,"LOR18x29_Rus_m5406 | 50.156028 N, 48.526306 E | Algay | Russia | NEO-NCAS | settlement, Neolithic Orlovka Culture | 229409 | 6440 | 25 | -5476 | -5336 | 5406 | 7356 | M | this study | 1 | 4 | 4 | 109812847 | 7608230 | 117421077 | - | - | - | 258.72396644700001 | 1.4675822326900001 | 1.03800000000000"
PRJEB44430,Equus caballus,supplementary_table,sample_owned_locality,3,Althiburos,Althiburos,excavation_site,Althiburos,,,Tunisia,,althiburos,data/adna/governance/source_library/papers/10.1038-s41586-021-04018-9/supplementary/41586_2021_4018_MOESM5_ESM.xlsx,supplementary_spreadsheet_row,SI Table 1!row10,"SV19x18_Tun_m581 | 35.873429 N, 8.78621 E | Althiburos | Tunisia | DOM2 | settlement, Iron Age Middle Numidian period | 224889 | 2445 | 20 | -750 | -412 | 581 | 2531 | M | this study | 1 | 4 | 4 | 157256814 | 33287790 | 190544604 | - | - | - | 582.01312163 | 1.6759008578900001 | 1.343E-3 | 1.0094603"
PRJEB44430,Equus caballus,supplementary_table,sample_owned_locality,3,Arzhan-I,Arzhan-I,excavation_site,Arzhan-I,,,Russia,,arzhani,data/adna/governance/source_library/papers/10.1038-s41586-021-04018-9/supplementary/41586_2021_4018_MOESM5_ESM.xlsx,supplementary_spreadsheet_row,SI Table 1!row174,"Arz1x12_Rus_m854 | 52.066389 N, 93.5225 E | Arzhan-I | Russia | DOM2 | burial site, Iron Age, Early Scythian Culture | 229401 | 2695 | 20 | -900 | -807 | 854 | 2804 | M | this study | 1 | 4 | 4 | 223827461 | 52654400 | 276481861 | - | - | - | 194.86464949099999 | 5.8378637150900001 | 9.0899999999999"
PRJEB44430,Equus caballus,supplementary_table,sample_owned_locality,1,Arzhan-II,Arzhan-II,excavation_site,Arzhan-II,,,Russia,,arzhanii,data/adna/governance/source_library/papers/10.1038-s41586-021-04018-9/supplementary/41586_2021_4018_MOESM5_ESM.xlsx,supplementary_spreadsheet_row,SI Table 1!row173,"Arz15_Rus_m650 | 52.066389 N, 93.5225 E | Arzhan-II | Russia | DOM2 | burial site, Iron Age, Early Scythian Culture, 7th century BCE | - | - | - | - | - | 650 | 2600 | M | this study | 1 | 4 | 4 | 464260052 | 196012850 | 660272902 | - | - | - | 908.92786099499995 | 8.2417856719600007 | 6.50999999999"
PRJEB44430,Equus caballus,supplementary_table,sample_owned_locality,1,Ashchisu,Ashchisu,excavation_site,Ashchisu,,,Kazakhstan,,ashchisu,data/adna/governance/source_library/papers/10.1038-s41586-021-04018-9/supplementary/41586_2021_4018_MOESM5_ESM.xlsx,supplementary_spreadsheet_row,SI Table 1!row110,"PKo7_Kaz_m1754 | 49.916667 N, 74.216667 E | Ashchisu | Kazakhstan | DOM2 | burial site, Bronze Age, Early Alakul Culture, 19th-18th centuries BCE | 229421 | 3430 | 20 | -1872 | -1636 | 1754 | 3704 | F | this study | 1 | 4 | 4 | 46378944 | 9377716 | 55756660 | - | - | - | 30.099940083900002 | 0.78650"
PRJEB44430,Equus caballus,supplementary_table,sample_owned_locality,2,Asva,Asva,excavation_site,Asva,,,Estonia,,asva,data/adna/governance/source_library/papers/10.1038-s41586-021-04018-9/supplementary/41586_2021_4018_MOESM5_ESM.xlsx,supplementary_spreadsheet_row,SI Table 1!row260,"Esto2_Est_m661 | 58.410926 N, 23.016137 E | Asva | Estonia | DOM2 | fortified settlement, Late Bronze Age | 189993 | 2510 | 20 | -776 | -545 | 661 | 2611 | F | this study | 1 | 4 | 4 | 251471504 | 23327728 | 274799232 | - | - | - | 320.399520671 | 4.8126790821599998 | 1.503E-3 | 2.9421338660099998 |"
PRJEB44430,Equus caballus,supplementary_table,sample_owned_locality,1,Aygurskiy 2,Aygurskiy 2,excavation_site,Aygurskiy 2,,,Russia,,aygurskiy2,data/adna/governance/source_library/papers/10.1038-s41586-021-04018-9/supplementary/41586_2021_4018_MOESM5_ESM.xlsx,supplementary_spreadsheet_row,SI Table 1!row62,"BZNK1002x4_Rus_m3450 | 45.69 N, 43.262 E | Aygurskiy 2 | Russia | C-PONT | cemetery, Bronze Age Steppe Maykop Culture | 218225 | 4695 | 20 | -3526 | -3373 | 3450 | 5400 | M | this study | 2 | 8 | 8 | 536999018 | 84433962 | 621432980 | - | - | - | 1996.6911923299999 | 2.0598794728100001 | 8.260000000"
PRJEB44430,Equus caballus,supplementary_table,sample_owned_locality,1,Bad Pirawarth,Bad Pirawarth,excavation_site,Bad Pirawarth,,,Austria,,badpirawarth,data/adna/governance/source_library/papers/10.1038-s41586-021-04018-9/supplementary/41586_2021_4018_MOESM5_ESM.xlsx,supplementary_spreadsheet_row,SI Table 1!row79,"SRNHM05_Aus_m585 | 48.451361 N, 16.599992 E | Bad Pirawarth | Austria | DOM2 | settlement, Early Bronze Age or putative later occupation | 218303 | 2455 | 30 | -755 | -414 | 585 | 2535 | F | this study | 1 | 3 | 3 | 765969907 | 123220760 | 889190667 | - | - | - | 263.44379868200002 | 2.1787524241999"
PRJEB44430,Equus caballus,supplementary_table,sample_owned_locality,2,Belkaragay,Belkaragay,excavation_site,Belkaragay,,,Kazakhstan,,belkaragay,data/adna/governance/source_library/papers/10.1038-s41586-021-04018-9/supplementary/41586_2021_4018_MOESM5_ESM.xlsx,supplementary_spreadsheet_row,SI Table 1!row155,"NB13_Kaz_m3012 | 51.52 N, 62.55 E | Belkaragay | Kazakhstan | TERSEK | settlement, Eneolithic Botai-Tersek Culture | 229414 | 4410 | 20 | -3098 | -2925 | 3012 | 4962 | M | this study | 1 | 4 | 4 | 42026499 | 5690606 | 47717105 | - | - | - | 59.887777112000002 | 0.74197777406099996 | 1.227E-3 | 0.453"
PRJEB44430,Equus caballus,supplementary_table,sample_owned_locality,3,Bestamak,Bestamak,excavation_site,Bestamak,,,Kazakhstan,,bestamak,data/adna/governance/source_library/papers/10.1038-s41586-021-04018-9/supplementary/41586_2021_4018_MOESM5_ESM.xlsx,supplementary_spreadsheet_row,SI Table 1!row162,"Besta5_Kaz_m1892 | 51.575646 N, 64.724468 E | Bestamak | Kazakhstan | DOM2 | cemetery, Bronze Age Sintashta Culture | 199265 | 3555 | 20 | -2008 | -1776 | 1892 | 3842 | M | this study | 1 | 4 | 4 | 460943813 | 199329404 | 660273217 | - | - | - | 78.186698621900007 | 1.86832650282 | 1.132999999999999"
PRJEB44430,Equus caballus,supplementary_table,sample_owned_locality,1,Bijke-V,Bijke-V,excavation_site,Bijke-V,,,Russia,,bijkev,data/adna/governance/source_library/papers/10.1038-s41586-021-04018-9/supplementary/41586_2021_4018_MOESM5_ESM.xlsx,supplementary_spreadsheet_row,SI Table 1!row144,"Bi5x1_Rus_m625 | 51.164483 N, 86.139367 E | Bijke-V | Russia | DOM2 | settlement, Iron Age Biyke Culture, 2nd half of 7th century BCE | - | - | - | - | - | 625 | 2575 | M | this study | 1 | 4 | 4 | 84750434 | 7820454 | 92570888 | - | - | - | 53.265488316400003 | 1.8464012298400001 | 1.062E-3 | 1.223"
PRJEB44430,Equus caballus,supplementary_table,sample_owned_locality,4,Bol'shekaraganskii,Bol'shekaraganskii,excavation_site,Bol'shekaraganskii,,,Russia,,bolshekaraganskii,data/adna/governance/source_library/papers/10.1038-s41586-021-04018-9/supplementary/41586_2021_4018_MOESM5_ESM.xlsx,supplementary_spreadsheet_row,SI Table 1!row184,"UR17x1_Rus_m1868 | 52.65 N, 59.566667 E | Bol'shekaraganskii | Russia | DOM2 | burial site, Bronze Age Sintashta Culture | 199251 | 3560 | 15 | -1955 | -1781 | 1868 | 3818 | M | this study | 1 | 5 | 5 | 412823833 | 354478274 | 767302107 | - | - | - | 596.18076692600005 | 3.9915045193099998 | 9.07000"
PRJEB44430,Equus caballus,supplementary_table,sample_owned_locality,1,Bor Shoroonii,Bor Shoroonii,excavation_site,Bor Shoroonii,,,Mongolia,,borshoroonii,data/adna/governance/source_library/papers/10.1038-s41586-021-04018-9/supplementary/41586_2021_4018_MOESM5_ESM.xlsx,supplementary_spreadsheet_row,SI Table 1!row65,"M17x127_Mon_m658 | 46.4 N, 100.68 E | Bor Shoroonii | Mongolia | DOM2 | burial site, Late Bronze Age Deer Stone Complex | 190020 | 2500 | 15 | -771 | -545 | 658 | 2608 | M | this study | 1 | 3 | 3 | 113656962 | 23489894 | 137146856 | - | - | - | 84.746434991000001 | 2.4549238117600001 | 8.0199999999"
PRJEB44430,Equus caballus,supplementary_table,sample_owned_locality,4,Borly,Borly,excavation_site,Borly,,,Kazakhstan,,borly,data/adna/governance/source_library/papers/10.1038-s41586-021-04018-9/supplementary/41586_2021_4018_MOESM5_ESM.xlsx,supplementary_spreadsheet_row,SI Table 1!row169,"Borly1_Kaz_m4449 | 51.826192 N, 77.948253 E | Borly | Kazakhstan | NEO-BOR | settlement, Neolithic, second halft of fifth millennium BCE | 199617 | 5625 | 20 | -4533 | -4364 | 4449 | 6399 | F | this study | 1 | 4 | 4 | 236028839 | 18686852 | 254715691 | - | - | - | 183.89005392499999 | 3.79071115661"
PRJEB44430,Equus caballus,supplementary_table,sample_owned_locality,2,Borly 4,Borly 4,excavation_site,Borly 4,,,Kazakhstan,,borly4,data/adna/governance/source_library/papers/10.1038-s41586-021-04018-9/supplementary/41586_2021_4018_MOESM5_ESM.xlsx,supplementary_spreadsheet_row,SI Table 1!row167,"PAVH8_Kaz_m2961 | 51.824694 N, 77.945111 E | Borly 4 | Kazakhstan | BORL | settlement, Eneolithic | 182880 | 4350 | 15 | -3012 | -2909 | 2961 | 4911 | M | this study | 1 | 4 | 4 | 179538801 | 23456282 | 202995083 | - | - | - | 141.760575195 | 3.7375992253699999 | 9.2299999999999999E-4 | 2.4847218180"
PRJEB44430,Equus caballus,supplementary_table,sample_owned_locality,18,Botai,Botai,excavation_site,Botai,,,Kazakhstan,,botai,data/adna/governance/source_library/papers/10.1038-s41586-021-04018-9/supplementary/41586_2021_4018_MOESM5_ESM.xlsx,supplementary_spreadsheet_row,SI Table 1!row211,"Botai18x10_Kaz_m3328 | 53.303942 N, 67.645786 E | Botai | Kazakhstan | BOTAI | settlement, Eneolithic Botai Culture (*1) | - | - | - | - | - | 3328 | 5278 | M | this study | 1 | 1 | 1 | 138585898 | 23576094 | 162161992 | - | - | - | 143.76632714199999 | 2.96956470153 | 8.0000000000000004E-4 | 1.9765"
PRJEB44430,Equus caballus,supplementary_table,sample_owned_locality,1,Burgast,Burgast,excavation_site,Burgast,,,Mongolia,,burgast,data/adna/governance/source_library/papers/10.1038-s41586-021-04018-9/supplementary/41586_2021_4018_MOESM5_ESM.xlsx,supplementary_spreadsheet_row,SI Table 1!row109,"GVA9042_Mon_m1068 | 49.830833 N, 89.99 E | Burgast | Mongolia | DOM2 | cemetery, Late Bronze Age Khirigsuur | - | 2885 | 25 | -1196 | -940 | 1068 | 3018 | M | this study | 1 | 4 | 4 | 241013934 | 22225762 | 263239696 | - | - | - | 189.95584182100001 | 4.9095357223400002 | 9.9099999999999991E-4 | 3.1"
PRJEB44430,Equus caballus,supplementary_table,sample_owned_locality,1,Burial mound at Berezovaya mountain,Burial mound at Berezovaya mountain,excavation_site,Burial mound at Berezovaya mountain,,,Russia,,burialmoundatberezovayamountain,data/adna/governance/source_library/papers/10.1038-s41586-021-04018-9/supplementary/41586_2021_4018_MOESM5_ESM.xlsx,supplementary_spreadsheet_row,SI Table 1!row178,"LOR18x62_Rus_m1849 | 52.429072 N, 55.227878 E | Burial mound at Berezovaya mountain | Russia | DOM2 | burial site, Bronze Age Sintashta Culture | 210913 | 3525 | 20 | -1930 | -1768 | 1849 | 3799 | M | this study | 1 | 3 | 3 | 831852888 | 195681274 | 1027534162 | - | - | - | 921.31893349300003 | 22.5"
PRJEB44430,Equus caballus,supplementary_table,sample_owned_locality,1,Březno,Březno,excavation_site,Březno,,,Czech Republic,,březno,data/adna/governance/source_library/papers/10.1038-s41586-021-04018-9/supplementary/41586_2021_4018_MOESM5_ESM.xlsx,supplementary_spreadsheet_row,SI Table 1!row137,"PRA27x81_Cze_m1241 | 50.35784 N, 13.74354 E | Březno | Czech Republic | DOM2 | settlement, Late Bronze Age Knoviz Culture (*8) | 208872/218462 | 3025 (2980) | 15 (15) | -1381 (-1264) | -1217 (-1127) | 1241 | 3191 | F | this study | 1 | 4 | 4 | 554004835 | 200965754 | 754970589 | - | - | - | 309.6781"
PRJEB44430,Equus caballus,supplementary_table,sample_owned_locality,2,Chalk Hill,Chalk Hill,excavation_site,Chalk Hill,,,United Kingdom,,chalkhill,data/adna/governance/source_library/papers/10.1038-s41586-021-04018-9/supplementary/41586_2021_4018_MOESM5_ESM.xlsx,supplementary_spreadsheet_row,SI Table 1!row148,"Chalk1_UK_m865 | 51.330592 N, 1.389657 E | Chalk Hill | United Kingdom | DOM2 | settlement, Late Bronze Age | 223192 | 2725 | 15 | -907 | -822 | 865 | 2815 | M | this study | 1 | 3 | 3 | 323809838 | 106883324 | 430693162 | - | - | - | 71.418274415799999 | 0.60160430451400004 | 1.132E-3 | 0.193313912"
PRJEB44430,Equus caballus,supplementary_table,sample_owned_locality,1,Chinge-Tey-I,Chinge-Tey-I,excavation_site,Chinge-Tey-I,,,Russia,,chingeteyi,data/adna/governance/source_library/papers/10.1038-s41586-021-04018-9/supplementary/41586_2021_4018_MOESM5_ESM.xlsx,supplementary_spreadsheet_row,SI Table 1!row177,"Chin1x1_Rus_m810 | 52.067083 N, 93.464806 E | Chinge-Tey-I | Russia | DOM2 | burial site, Iron Age Early Scythian Culture | 229404 | 2645 | 20 | -830 | -790 | 810 | 2760 | M | this study | 1 | 3 | 3 | 128368555 | 113015174 | 241383729 | - | - | - | 265.13936488899998 | 1.5160754518299999 | 9.2599999"
PRJEB44430,Equus caballus,supplementary_table,sample_owned_locality,1,Choburak-I,Choburak-I,excavation_site,Choburak-I,,,Russia,,choburaki,data/adna/governance/source_library/papers/10.1038-s41586-021-04018-9/supplementary/41586_2021_4018_MOESM5_ESM.xlsx,supplementary_spreadsheet_row,SI Table 1!row147,"Cho1x3_Rus_m625 | 51.173733 N, 86.113083 E | Choburak-I | Russia | DOM2 | burial site, Iron Age Biyke Culture, 2nd half of 7th century BCE | - | - | - | - | - | 625 | 2575 | M | this study | 1 | 4 | 4 | 158235165 | 30869412 | 189104577 | - | - | - | 110.87872977799999 | 3.62885720392 | 1.052E-3 | 2."
PRJEB44430,Equus caballus,supplementary_table,sample_owned_locality,1,Cova Fosca,Cova Fosca,excavation_site,Cova Fosca,,,Spain,,covafosca,data/adna/governance/source_library/papers/10.1038-s41586-021-04018-9/supplementary/41586_2021_4018_MOESM5_ESM.xlsx,supplementary_spreadsheet_row,SI Table 1!row33,"CFo02_Spa_m5180 | 40.42019 N, -0.12547 E | Cova Fosca | Spain | IBE | settlement, Early Neolithic | 229416 | 6220 | 25 | -5299 | -5060 | 5180 | 7130 | F | this study | 1 | 4 | 4 | 232581994 | 74635968 | 307217962 | - | - | - | 142.87878969400001 | 1.1202390768699999 | 9.8400000000000007E-4 | 0.58509"
PRJEB44430,Equus caballus,supplementary_table,sample_owned_locality,3,Căscioarele,Căscioarele,excavation_site,Căscioarele,,,Romania,,căscioarele,data/adna/governance/source_library/papers/10.1038-s41586-021-04018-9/supplementary/41586_2021_4018_MOESM5_ESM.xlsx,supplementary_spreadsheet_row,SI Table 1!row46,"ROCAS09_Rom_m4297 | 44.12731 N, 26.4696 E | Căscioarele | Romania | ENEO-ROM | settlement, Gumelnița Culture | 199654 | 5435 | 20 | -4342 | -4251 | 4297 | 6247 | M | this study | 1 | 7 | 7 | 1628183793 | 179099846 | 1807283639 | - | - | - | 121.043618933 | 1.4685849482 | 1.433E-3 | 0.778904399350999"
PRJEB44430,Equus caballus,supplementary_table,sample_owned_locality,1,Divnogor'ye 9,Divnogor'ye 9,excavation_site,Divnogor'ye 9,,,Russia,,divnogorye9,data/adna/governance/source_library/papers/10.1038-s41586-021-04018-9/supplementary/41586_2021_4018_MOESM5_ESM.xlsx,supplementary_spreadsheet_row,SI Table 1!row143,"Div9_Rus_m15059 | 50.963242 N, 39.29496 E | Divnogor'ye 9 | Russia | Div9 | settlement, Bølling-Allerød interval | 223194 | 13990 | 30 | -15166 | -14952 | 15059 | 17009 | F | this study | 1 | 3 | 3 | 442539076 | 52245600 | 494784676 | - | - | - | 31.086399041300002 | 0.62391060173199997 | 1.111E-3 |"
PRJEB44430,Equus caballus,supplementary_table,sample_owned_locality,1,El Turuñuelo,El Turuñuelo,excavation_site,El Turuñuelo,,,Spain,,elturuñuelo,data/adna/governance/source_library/papers/10.1038-s41586-021-04018-9/supplementary/41586_2021_4018_MOESM5_ESM.xlsx,supplementary_spreadsheet_row,SI Table 1!row26,"18ELTu18_Spa_m588 | 38.949334 N, -6.064916 E | El Turuñuelo | Spain | DOM2 | sacrificial level in settlement, Iron Age Tartessos Culture | 208899 | 2460 | 15 | -753 | -423 | 588 | 2538 | M | this study | 1 | 3 | 3 | 134327799 | 29203846 | 163531645 | - | - | - | 47.4390653086 | 1.4292106341099999 | "
PRJEB44430,Equus caballus,supplementary_table,sample_owned_locality,3,Els Vilars,Els Vilars,excavation_site,Els Vilars,,,Spain,,elsvilars,data/adna/governance/source_library/papers/10.1038-s41586-021-04018-9/supplementary/41586_2021_4018_MOESM5_ESM.xlsx,supplementary_spreadsheet_row,SI Table 1!row36,"Fetusx9m_Spa_m475 | 41.57 N, 0.95 E | Els Vilars | Spain | DOM2 | fortified settlement, 500-450 BCE | - | - | - | - | - | 475 | 2425 | M | this study | 1 | 4 | 4 | 653962092 | 19789052 | 673751144 | - | - | - | 583.60730976599996 | 10.272901152099999 | 9.41E-4 | 6.3706549180299996 | 2.11000000000000"
PRJEB44430,Equus caballus,supplementary_table,sample_owned_locality,4,Etiolles,Etiolles,excavation_site,Etiolles,,,France,,etiolles,data/adna/governance/source_library/papers/10.1038-s41586-021-04018-9/supplementary/41586_2021_4018_MOESM5_ESM.xlsx,supplementary_spreadsheet_row,SI Table 1!row80,"Etiolles4_Fra_m13759 | 48.63324 N, 2.465916 E | Etiolles | France | LP-NFR | Magdalenian site, Bølling-Allerød interstadial period | 218226 | 13100 | 45 | -13922 | -13596 | 13759 | 15709 | F | this study | 2 | 8 | 8 | 636845142 | 49592426 | 686437568 | - | - | - | 200.744577591 | 7.0732214748200004 "
PRJEB44430,Equus caballus,supplementary_table,sample_owned_locality,2,Ganga-Tsagaan Ereg,Ganga-Tsagaan Ereg,excavation_site,Ganga-Tsagaan Ereg,,,Mongolia,,gangatsagaanereg,data/adna/governance/source_library/papers/10.1038-s41586-021-04018-9/supplementary/41586_2021_4018_MOESM5_ESM.xlsx,supplementary_spreadsheet_row,SI Table 1!row106,"Ganx10_Mon_m775 | 49.572897 N, 103.251933 E | Ganga-Tsagaan Ereg | Mongolia | DOM2 | burial site, Iron Age Deer Stone Complex, 1st halft of 8th century BCE | - | - | - | - | - | 775 | 2725 | M | this study | 1 | 3 | 3 | 223314094 | 16678602 | 239992696 | - | - | - | 44.988196524899998 | 2.2532038557"
PRJEB44430,Equus caballus,supplementary_table,sample_owned_locality,2,Ginnerup,Ginnerup,excavation_site,Ginnerup,,,Denmark,,ginnerup,data/adna/governance/source_library/papers/10.1038-s41586-021-04018-9/supplementary/41586_2021_4018_MOESM5_ESM.xlsx,supplementary_spreadsheet_row,SI Table 1!row252,"DJM130x6_Dan_m3011 | 56.41134 N, 10.74481 N | Ginnerup | Denmark | FB/PWC | settlement, Neolithic - transition between Funnel Beaker and Pitted Ware Cultures | 224902 | 4405 | 20 | -3095 | -2926 | 3011 | 4961 | M | this study | 1 | 4 | 4 | 345157978 | 49419848 | 394577826 | - | - | - | 652.433672858"
PRJEB44430,Equus caballus,supplementary_table,sample_owned_locality,1,Gordinesti II,Gordinesti II,excavation_site,Gordinesti II,,,Moldova,,gordinestiii,data/adna/governance/source_library/papers/10.1038-s41586-021-04018-9/supplementary/41586_2021_4018_MOESM5_ESM.xlsx,supplementary_spreadsheet_row,SI Table 1!row77,"MOLDA1_Mol_m2063 | 48.159923 N, 27.169232 E | Gordinesti II | Moldova | DOM2 | settlement, Late Eneolithic | 208898 | 3690 | 15 | -2140 | -1985 | 2063 | 4013 | F | this study | 1 | 5 | 5 | 858001351 | 455084090 | 1313085441 | - | - | - | 302.20587178 | 3.5146535989299998 | 1.029E-3 | 2.0198509824399"
PRJEB44430,Equus caballus,supplementary_table,sample_owned_locality,2,Halvai,Halvai,excavation_site,Halvai,,,Kazakhstan,,halvai,data/adna/governance/source_library/papers/10.1038-s41586-021-04018-9/supplementary/41586_2021_4018_MOESM5_ESM.xlsx,supplementary_spreadsheet_row,SI Table 1!row202,"Halvai2_Kaz_m1856 | 52.843 N, 62.9029 E | Halvai | Kazakhstan | DOM2 | burial site, Bronze Age Sintashta Culture | 199626 | 3535 | 20 | -1938 | -1773 | 1856 | 3806 | M | this study | 1 | 4 | 4 | 114175596 | 14075820 | 128251416 | - | - | - | 80.362013181500004 | 2.6250074833700001 | 8.94000000000000"
PRJEB44430,Equus caballus,supplementary_table,sample_owned_locality,6,Hohler Stein bei Schwabthal,Hohler Stein bei Schwabthal,excavation_site,Hohler Stein bei Schwabthal,,,Germany,,hohlersteinbeischwabthal,data/adna/governance/source_library/papers/10.1038-s41586-021-04018-9/supplementary/41586_2021_4018_MOESM5_ESM.xlsx,supplementary_spreadsheet_row,SI Table 1!row112,"Hohler1x1_Ger_m2679 | 50.06053 N, 11.104783 E | Hohler Stein bei Schwabthal | Germany | CWC | settlement, Late Neolithic Corded Ware Culture | 224892 | 4095 | 20 | -2851 | -2506 | 2679 | 4629 | F | this study | 1 | 4 | 4 | 152894951 | 81066588 | 233961539 | - | - | - | 314.63576992200001 | 0.8381703"
PRJEB44430,Equus caballus,supplementary_table,sample_owned_locality,1,Holubice,Holubice,excavation_site,Holubice,,,Czech Republic,,holubice,data/adna/governance/source_library/papers/10.1038-s41586-021-04018-9/supplementary/41586_2021_4018_MOESM5_ESM.xlsx,supplementary_spreadsheet_row,SI Table 1!row128,"PRA40_Cze_m2037 | 50.20132 N, 14.29183 E | Holubice | Czech Republic | DOM2 | settlement, Únětice Culture intrusion in Early Eneolithic feature | 218296 | 3650 | 30 | -2137 | -1936 | 2037 | 3987 | M | this study | 1 | 4 | 4 | 740274157 | 2270456328 | 3010730485 | - | - | - | 1004.13708808 | 2.439810"
PRJEB44430,Equus caballus,supplementary_table,sample_owned_locality,2,Hyena's Lair,Hyena's Lair,excavation_site,Hyena's Lair,,,Russia,,hyenaslair,data/adna/governance/source_library/papers/10.1038-s41586-021-04018-9/supplementary/41586_2021_4018_MOESM5_ESM.xlsx,supplementary_spreadsheet_row,SI Table 1!row145,"Logx1_Rus_INF | 51.17025 N, 82.967972 E | Hyena's Lair | Russia | LP-SWSIB | cave, Late Pleistocene, Infinite radiocarbon dating | 224887 | >49900 BP | - | - | - | >49900 BP | >49900 BP | M | this study | 1 | 4 | 4 | 261096900 | 88478964 | 349575864 | - | - | - | 222.926902337 | 1.21453631623 | 1.05"
PRJEB44430,Equus caballus,supplementary_table,sample_owned_locality,12,Igue du Gral,Igue du Gral,excavation_site,Igue du Gral,,,France,,iguedugral,data/adna/governance/source_library/papers/10.1038-s41586-021-04018-9/supplementary/41586_2021_4018_MOESM5_ESM.xlsx,supplementary_spreadsheet_row,SI Table 1!row50,"Gral10_Fra_m18924 | 44.499039 N, 1.692232 E | Igue du Gral | France | LP-SFR | natural trap cave, Palaeolithic (*3) | - | - | - | - | - | 18924 | 20874 | F | this study | 1 | 3 | 3 | 328368979 | 80839518 | 409208497 | - | - | - | 105.503475135 | 2.1195981125899999 | 1.1479999999999999E-3 | 1.2481714"
PRJEB44430,Equus caballus,supplementary_table,sample_owned_locality,9,Kamennyi Ambar 5,Kamennyi Ambar 5,excavation_site,Kamennyi Ambar 5,,,Russia,,kamennyiambar5,data/adna/governance/source_library/papers/10.1038-s41586-021-04018-9/supplementary/41586_2021_4018_MOESM5_ESM.xlsx,supplementary_spreadsheet_row,SI Table 1!row193,"UR17x29_Rus_m1853 | 52.833333 N, 60.366667 E | Kamennyi Ambar 5 | Russia | DOM2 | burial site, Bronze Age Sintashta Culture | 199248 | 3530 | 20 | -1936 | -1770 | 1853 | 3803 | F | this study | 1 | 5 | 5 | 584280337 | 216293270 | 800573607 | - | - | - | 369.64721390099999 | 2.0790476759300001 | 1.07"
PRJEB44430,Equus caballus,supplementary_table,sample_owned_locality,1,Kaposújlak-Várdomb,Kaposújlak-Várdomb,excavation_site,Kaposújlak-Várdomb,,,Hungary,,kaposújlakvárdomb,data/adna/governance/source_library/papers/10.1038-s41586-021-04018-9/supplementary/41586_2021_4018_MOESM5_ESM.xlsx,supplementary_spreadsheet_row,SI Table 1!row64,"CAR05_Hun_m2458 | 46.362 N, 17.731 E | Kaposújlak-Várdomb | Hungary | HUNG | fortified settlement, Early Bronze Age Somogyvár-Vinkovci Culture | - | 3954 | 29 | -2571 | -2344 | 2458 | 4408 | M | this study | 1 | 4 | 4 | 516948771 | 59439034 | 576387805 | - | - | - | 308.45176752499998 | 3.8649311243"
PRJEB44430,Equus caballus,supplementary_table,sample_owned_locality,6,Kazimierza Wielka 6,Kazimierza Wielka 6,excavation_site,Kazimierza Wielka 6,,,Poland,,kazimierzawielka6,data/adna/governance/source_library/papers/10.1038-s41586-021-04018-9/supplementary/41586_2021_4018_MOESM5_ESM.xlsx,supplementary_spreadsheet_row,SI Table 1!row129,"PLKaz1_Pol_m1550 | 50.2741 N, 20.4654 E | Kazimierza Wielka 6 | Poland | DOM2 | settlement, Early Bronze Age Trzciniec Culture, 16th century BCE | - | - | - | - | - | 1550 | 3500 | M | this study | 1 | 1 | 1 | 68913701 | 38102882 | 107016583 | - | - | - | 69.774955062900005 | 1.5373703494299999 | 7."
PRJEB44430,Equus caballus,supplementary_table,sample_owned_locality,5,Kent,Kent,excavation_site,Kent,,,Kazakhstan,,kent,data/adna/governance/source_library/papers/10.1038-s41586-021-04018-9/supplementary/41586_2021_4018_MOESM5_ESM.xlsx,supplementary_spreadsheet_row,SI Table 1!row86,"Kent1_Kaz_m1466 | 49.202561 N, 75.940728 E | Kent | Kazakhstan | DOM2 | settlement, Bronze Age Begazy-Dandybaev Culture, 14th-10th centuries BCE | 199620 | 3195 | 20 | -1503 | -1428 | 1466 | 3416 | F | this study | 1 | 4 | 4 | 171174514 | 20055662 | 191230176 | - | - | - | 361.117615339 | 3.30145460"
PRJEB44430,Equus caballus,supplementary_table,sample_owned_locality,1,Kents cavern,Kents cavern,excavation_site,Kents cavern,,,United Kingdom,,kentscavern,data/adna/governance/source_library/papers/10.1038-s41586-021-04018-9/supplementary/41586_2021_4018_MOESM5_ESM.xlsx,supplementary_spreadsheet_row,SI Table 1!row142,"P9392_UK_m12666 | 50.467709 N, -3.502667 E | Kents cavern | United Kingdom | LP-NFR | cave, Upper Palaeolithic | 218287 | 12440 | 40 | -12972 | -12360 | 12666 | 14616 | M | this study | 1 | 3 | 3 | 436415185 | 79580288 | 515995473 | - | - | - | 63.358058717799999 | 1.63771583383 | 8.7000000000000001"
PRJEB44430,Equus caballus,supplementary_table,sample_owned_locality,1,Khantain-tov,Khantain-tov,excavation_site,Khantain-tov,,,Mongolia,,khantaintov,data/adna/governance/source_library/papers/10.1038-s41586-021-04018-9/supplementary/41586_2021_4018_MOESM5_ESM.xlsx,supplementary_spreadsheet_row,SI Table 1!row105,"Hantx9_Mon_m775 | 49.56105 N, 103.2428 E | Khantain-tov | Mongolia | DOM2 | burial site, Iron Age Deer Stone Complex, 1st halft of 8th century BCE | - | - | - | - | - | 775 | 2725 | F | this study | 1 | 3 | 3 | 304620362 | 104323034 | 408943396 | - | - | - | 64.351168364299994 | 2.5058435760800002 |"
PRJEB44430,Equus caballus,supplementary_table,sample_owned_locality,1,Kirklareli-Kanligecit,Kirklareli-Kanligecit,excavation_site,Kirklareli-Kanligecit,,,Turkey,,kirklarelikanligecit,data/adna/governance/source_library/papers/10.1038-s41586-021-04018-9/supplementary/41586_2021_4018_MOESM5_ESM.xlsx,supplementary_spreadsheet_row,SI Table 1!row41,"Kan22_Tur_m2386 | 41.721357 N, 27.225306 E | Kirklareli-Kanligecit | Turkey | Kan22 | settlement, Early Bronze Age | 199247 | 3905 | 15 | -2466 | -2306 | 2386 | 4336 | M | this study | 1 | 5 | 5 | 1252124037 | 469098988 | 1721223025 | - | - | - | 645.49346914299997 | 4.0166719450099997 | 1.077E-3 | "
PRJEB44430,Equus caballus,supplementary_table,sample_owned_locality,1,Kostenki,Kostenki,excavation_site,Kostenki,,,Russia,,kostenki,data/adna/governance/source_library/papers/10.1038-s41586-021-04018-9/supplementary/41586_2021_4018_MOESM5_ESM.xlsx,supplementary_spreadsheet_row,SI Table 1!row150,"KB212_Rus_m29656 | 51.376 N, 39.071 E | Kostenki | Russia | URAL | settlement, Upper Palaeolithic | 218234 | 27640 | 240 | -30111 | -29201 | 29656 | 31606 | M | this study | 1 | 4 | 4 | 287474853 | 69113288 | 356588141 | - | - | - | 105.857819053 | 2.5095287760099998 | 1.1869999999999999E-3 | 1.3184"
PRJEB44430,Equus caballus,supplementary_table,sample_owned_locality,2,Kozhai,Kozhai,excavation_site,Kozhai,,,Kazakhstan,,kozhai,data/adna/governance/source_library/papers/10.1038-s41586-021-04018-9/supplementary/41586_2021_4018_MOESM5_ESM.xlsx,supplementary_spreadsheet_row,SI Table 1!row99,"Kozhai_Kaz_m3342 | 49.4 N, 66.75 E | Kozhai | Kazakhstan | TERSEK | settlement, Eneolithic Tersek Culture | 199238 | 4585 | 20 | -3492 | -3191 | 3342 | 5292 | M | this study | 2 | 7 | 7 | 1317317179 | 375887236 | 1693204415 | - | - | - | 108.468783703 | 1.6849891251 | 1.127E-3 | 0.94387987889400005 "
PRJEB44430,Equus caballus,supplementary_table,sample_owned_locality,2,Krasnosamarskoye,Krasnosamarskoye,excavation_site,Krasnosamarskoye,,,Russia,,krasnosamarskoye,data/adna/governance/source_library/papers/10.1038-s41586-021-04018-9/supplementary/41586_2021_4018_MOESM5_ESM.xlsx,supplementary_spreadsheet_row,SI Table 1!row152,"LOR18x43_Rus_m1798 | 51.497056 N, 85.9745 E | Krasnosamarskoye | Russia | DOM2 | settlement, Late Bronze Age Srubnaya Culture | 218281 | 3495 | 30 | -1897 | -1699 | 1798 | 3748 | F | this study | 1 | 4 | 4 | 277251895 | 31788108 | 309040003 | - | - | - | 131.136428999 | 2.1905070163999998 | 1.616999"
PRJEB44430,Equus caballus,supplementary_table,sample_owned_locality,1,Krasnyi Yar,Krasnyi Yar,excavation_site,Krasnyi Yar,,,Kazakhstan,,krasnyiyar,data/adna/governance/source_library/papers/10.1038-s41586-021-04018-9/supplementary/41586_2021_4018_MOESM5_ESM.xlsx,supplementary_spreadsheet_row,SI Table 1!row232,"KY001_Kaz_m3244 | 53.325935 N, 69.260924 E | Krasnyi Yar | Kazakhstan | BOTAI | Eneolithic Botai Culture | 223204 | 4555 | 15 | -3369 | -3119 | 3244 | 5194 | F | this study | 1 | 5 | 5 | 1566331937 | 407956844 | 1974288781 | - | - | - | 207.65799880200001 | 3.9842297976499998 | 1.0330000000000001E-3"
PRJEB44430,Equus caballus,supplementary_table,sample_owned_locality,1,Kuyum,Kuyum,excavation_site,Kuyum,,,Russia,,kuyum,data/adna/governance/source_library/papers/10.1038-s41586-021-04018-9/supplementary/41586_2021_4018_MOESM5_ESM.xlsx,supplementary_spreadsheet_row,SI Table 1!row154,"Kuymx2_Rus_m580 | 51.497292 N, 85.971322 E | Kuyum | Russia | DOM2 | burial site, Iron Age Biyke culture | 229403 | 2440 | 20 | -748 | -411 | 580 | 2530 | M | this study | 1 | 3 | 3 | 478094135 | 86613272 | 564707407 | - | - | - | 411.59556620699999 | 10.673299821700001 | 9.9500000000000001E-4 | 7.0"
PRJEB44430,Equus caballus,supplementary_table,sample_owned_locality,1,Köşk Höyük,Köşk Höyük,excavation_site,Köşk Höyük,,,Turkey,,köşkhöyük,data/adna/governance/source_library/papers/10.1038-s41586-021-04018-9/supplementary/41586_2021_4018_MOESM5_ESM.xlsx,supplementary_spreadsheet_row,SI Table 1!row22,"KSK16232_Tur_m6319 | 37.847803 N, 34.611841 E | Köşk Höyük | Turkey | NEO-ANA | settlement, Neolithic | 199646 | 7455 | 25 | -6396 | -6241 | 6319 | 8269 | M | this study | 1 | 5 | 5 | 1393554040 | 588768910 | 1982322950 | - | - | - | 117.445715998 | 8.1958474358599993 | 9.1600000000000004E-4 | 4.618"
PRJEB44430,Equus caballus,supplementary_table,sample_owned_locality,1,La Monédière,La Monédière,excavation_site,La Monédière,,,France,,lamonédière,data/adna/governance/source_library/papers/10.1038-s41586-021-04018-9/supplementary/41586_2021_4018_MOESM5_ESM.xlsx,supplementary_spreadsheet_row,SI Table 1!row43,"UE10287_Fra_m617 | 43.3667 N, 3.4167 E | La Monédière | France | DOM2 | Phoceaen town, 5th-6th centuries BCE | 190023 | 2465 | 15 | -755 | -478 | 617 | 2567 | M | this study | 1 | 4 | 4 | 1101370541 | 45083836 | 1146454377 | - | - | - | 347.20251647700002 | 14.2811769007 | 1.145E-3 | 8.6759518189300"
PRJEB44430,Equus caballus,supplementary_table,sample_owned_locality,1,Le Closeau,Le Closeau,excavation_site,Le Closeau,,,France,,lecloseau,data/adna/governance/source_library/papers/10.1038-s41586-021-04018-9/supplementary/41586_2021_4018_MOESM5_ESM.xlsx,supplementary_spreadsheet_row,SI Table 1!row84,"Closeau3_Fra_m10400 | 48.871883 N, 2.157139 E | Le Closeau | France | LP-NFR | Final Upper Paleolithic site | - | - | - | - | - | 10400 | 12350 | M | this study | 1 | 6 | 6 | 538865609 | 43379752 | 582245361 | - | - | - | 63.008268424199997 | 1.3725780458200001 | 9.810000000000001E-4 | 1.01070624170"
PRJEB44430,Equus caballus,supplementary_table,sample_owned_locality,1,Litovice,Litovice,excavation_site,Litovice,,,Czech Republic,,litovice,data/adna/governance/source_library/papers/10.1038-s41586-021-04018-9/supplementary/41586_2021_4018_MOESM5_ESM.xlsx,supplementary_spreadsheet_row,SI Table 1!row118,"PRA18_Cze_m3226 | 50.08088 N, 14.23425 E | Litovice | Czech Republic | ENEO-CZE | settlement, Eneolithic | 208868 | 4510 | 15 | -3350 | -3102 | 3226 | 5176 | M | this study | 1 | 7 | 7 | 583355411 | 126569196 | 709924607 | - | - | - | 307.38040742999999 | 3.4479367213500001 | 1.7470000000000001E-3 |"
PRJEB44430,Equus caballus,supplementary_table,sample_owned_locality,1,Magor,Magor,excavation_site,Magor,,,United Kingdom,,magor,data/adna/governance/source_library/papers/10.1038-s41586-021-04018-9/supplementary/41586_2021_4018_MOESM5_ESM.xlsx,supplementary_spreadsheet_row,SI Table 1!row165,"Magor_UK_m1009 | 51.578275 N, -2.829228 E | Magor | United Kingdom | DOM2 | pit, Late Bronze Age | 218286 | 2835 | 30 | -1109 | -908 | 1009 | 2959 | M | this study | 1 | 4 | 4 | 161320919 | 22739352 | 184060271 | - | - | - | 81.197663271400003 | 2.9061610550200001 | 1.5009999999999999E-3 | 1.7784148"
PRJEB44430,Equus caballus,supplementary_table,sample_owned_locality,4,Medvezhiya cave,Medvezhiya cave,excavation_site,Medvezhiya cave,,,Russia,,medvezhiyacave,data/adna/governance/source_library/papers/10.1038-s41586-021-04018-9/supplementary/41586_2021_4018_MOESM5_ESM.xlsx,supplementary_spreadsheet_row,SI Table 1!row267,"KB217_Rus_m34198 | 62.083 N, 58.083 E | Medvezhiya cave | Russia | URAL | cave, Upper Palaeolithic (*7) | - | - | - | - | - | 34198 | 36148 | F | this study | 1 | 4 | 4 | 393362409 | 180843866 | 574206275 | - | - | - | 8.1183942480500004 | 0.17731560316299999 | 3.9659999999999999E-3 | 4.003350796860"
PRJEB44430,Equus caballus,supplementary_table,sample_owned_locality,1,Michuruno I,Michuruno I,excavation_site,Michuruno I,,,Kazakhstan,,michurunoi,data/adna/governance/source_library/papers/10.1038-s41586-021-04018-9/supplementary/41586_2021_4018_MOESM5_ESM.xlsx,supplementary_spreadsheet_row,SI Table 1!row179,"Mich_Kaz_m2019 | 52.447098 N, 76.794851 E | Michuruno I | Kazakhstan | Mich | settlement, Early Bronze Age Yelunin Culture | 199301 | 3625 | 15 | -2109 | -1928 | 2019 | 3969 | M | this study | 1 | 4 | 4 | 224867502 | 6125976 | 230993478 | - | - | - | 112.399820252 | 2.21456749705 | 1.31E-3 | 1.23004"
PRJEB44430,Equus caballus,supplementary_table,sample_owned_locality,2,Miciurin,Miciurin,excavation_site,Miciurin,,,Moldova,,miciurin,data/adna/governance/source_library/papers/10.1038-s41586-021-04018-9/supplementary/41586_2021_4018_MOESM5_ESM.xlsx,supplementary_spreadsheet_row,SI Table 1!row74,"Mic2_Mol_m1250 | 47.987105 N, 27.788329 E | Miciurin | Moldova | DOM2 | settlement, Middle/Late Bronze Age, Noua Culture, ~1,500-1,000 BCE | - | - | - | - | - | 1250 | 3200 | M | this study | 1 | 1 | 1 | 16181401 | 1778330 | 17959731 | - | - | - | 12.895446375100001 | 0.23968254782000001 | 1.072E-3 "
PRJEB44430,Equus caballus,supplementary_table,sample_owned_locality,2,Miechów 3,Miechów 3,excavation_site,Miechów 3,,,Poland,,miechów3,data/adna/governance/source_library/papers/10.1038-s41586-021-04018-9/supplementary/41586_2021_4018_MOESM5_ESM.xlsx,supplementary_spreadsheet_row,SI Table 1!row135,"PLMie18_Pol_m1483 | 50.35749 N, 20.04609 E | Miechów 3 | Poland | DOM2 | settlement, Eneolithic Funnel Beaker Culture | 218292 | 3230 | 30 | -1541 | -1425 | 1483 | 3433 | M | this study | 1 | 3 | 3 | 446867670 | 103564748 | 550432418 | - | - | - | 492.44541641699999 | 2.5293577804699998 | 9.59E-4 | "
PRJEB44430,Equus caballus,supplementary_table,sample_owned_locality,4,Monostoy-Nuga,Monostoy-Nuga,excavation_site,Monostoy-Nuga,,,Mongolia,,monostoynuga,data/adna/governance/source_library/papers/10.1038-s41586-021-04018-9/supplementary/41586_2021_4018_MOESM5_ESM.xlsx,supplementary_spreadsheet_row,SI Table 1!row101,"Monx2_Mon_m1100 | 49.553253 N, 103.277861 E | Monostoy-Nuga | Mongolia | DOM2 | burial site, Early Iron Age Deer Stone Complex | 229397 | 2895 | 20 | -1192 | -1008 | 1100 | 3050 | F | this study | 1 | 3 | 3 | 282813382 | 51172534 | 333985916 | - | - | - | 153.82282804100001 | 4.9283989411000002 | 1."
PRJEB44430,Equus caballus,supplementary_table,sample_owned_locality,1,Morin Mort,Morin Mort,excavation_site,Morin Mort,,,Mongolia,,morinmort,data/adna/governance/source_library/papers/10.1038-s41586-021-04018-9/supplementary/41586_2021_4018_MOESM5_ESM.xlsx,supplementary_spreadsheet_row,SI Table 1!row67,"M17x199_Mon_m865 | 46.94125 N, 98.595817 E | Morin Mort | Mongolia | DOM2 | burial site, Iron Age Deer Stone Complex | 190019 | 2725 | 15 | -907 | -822 | 865 | 2815 | F | this study | 1 | 4 | 4 | 42314678 | 10835992 | 53150670 | - | - | - | 37.576033553000002 | 1.26017777668 | 7.7700000000000002E-4 "
PRJEB44430,Equus caballus,supplementary_table,sample_owned_locality,2,Mozgawa 1-3,Mozgawa 1-3,excavation_site,Mozgawa 1-3,,,Poland,,mozgawa13,data/adna/governance/source_library/papers/10.1038-s41586-021-04018-9/supplementary/41586_2021_4018_MOESM5_ESM.xlsx,supplementary_spreadsheet_row,SI Table 1!row139,"PLMoz11_Pol_m3505 | 50.44378 N, 20.51853 E | Mozgawa 1-3 | Poland | FBC-POL | settlement, Eneolithic Funnel Beaker Culture | 218461 | 4735 | 15 | -3628 | -3381 | 3505 | 5455 | M | this study | 2 | 8 | 8 | 157558575 | 11534044 | 169092619 | - | - | - | 210.67513481099999 | 2.3416863430700001 | 9.7999"
PRJEB44430,Equus caballus,supplementary_table,sample_owned_locality,1,Museum specimen,Museum specimen,excavation_site,Museum specimen,,,,-,museumspecimen,data/adna/governance/source_library/papers/10.1038-s41586-021-04018-9/supplementary/41586_2021_4018_MOESM5_ESM.xlsx,supplementary_spreadsheet_row,SI Table 1!row8,"Tarpan_Ukr_1868 | - | Museum specimen | - | TARP | museum specimen, date of death = 1,868 CE | - | - | - | - | - | 1868 CE | 82 | M | this study | 1 | 4 | 4 | 292370796 | 204254276 | 496625072 | - | - | - | 348.664289994 | 2.6388497371000001 | 5.3899999999999998E-4 | 1.76591730368 | 2.79999999999999"
PRJEB44430,Equus caballus,supplementary_table,sample_owned_locality,1,Nandru Peștera Curată,Nandru Peștera Curată,excavation_site,Nandru Peștera Curată,,,Romania,,nandrupeșteracurată,data/adna/governance/source_library/papers/10.1038-s41586-021-04018-9/supplementary/41586_2021_4018_MOESM5_ESM.xlsx,supplementary_spreadsheet_row,SI Table 1!row63,"RONPC06_Rom_m34801 | 45.807945 N, 22.812173 E | Nandru Peștera Curată | Romania | RONPC06 | Cave, Upper Palaeolithic | 199236 | 32260 | 330 | -35532 | -34069 | 34801 | 36751 | M | this study | 1 | 4 | 4 | 1805631161 | 855738798 | 2661369959 | - | - | - | 301.90958657900001 | 2.6395061556499999 | 9.8"
PRJEB44430,Equus caballus,supplementary_table,sample_owned_locality,3,Nikolskaya,Nikolskaya,excavation_site,Nikolskaya,,,Russia,,nikolskaya,data/adna/governance/source_library/papers/10.1038-s41586-021-04018-9/supplementary/41586_2021_4018_MOESM5_ESM.xlsx,supplementary_spreadsheet_row,SI Table 1!row248,"RN128_Rus_m43000 | 55.466667 N, 59.45 E | Nikolskaya | Russia | URAL | cave, Upper Palaeolithic, ~43,000 BCE | - | - | - | - | - | 43000 | 44950 | F | this study | 1 | 3 | 3 | 233357750 | 364852062 | 598209812 | - | - | - | 38.547693229499998 | 0.123300154839 | 9.2699999999999998E-4 | 5.774182372350"
PRJEB44430,Equus caballus,supplementary_table,sample_owned_locality,1,Nitriansky Hrádok,Nitriansky Hrádok,excavation_site,Nitriansky Hrádok,,,Slovakia,,nitrianskyhrádok,data/adna/governance/source_library/papers/10.1038-s41586-021-04018-9/supplementary/41586_2021_4018_MOESM5_ESM.xlsx,supplementary_spreadsheet_row,SI Table 1!row76,"NHr2_Slo_m1683 | 48.069502 N, 18.200384 E | Nitriansky Hrádok | Slovakia | DOM2 | fortified settlement, Early/Middle Bronze Age Mad’arovce Culture  | 199269 | 3395 | 15 | -1741 | -1625 | 1683 | 3633 | M | this study | 1 | 5 | 5 | 317863231 | 110460662 | 428323893 | - | - | - | 183.243379269 | 1.2156"
PRJEB44430,Equus caballus,supplementary_table,sample_owned_locality,1,Noviye Kluchi III,Noviye Kluchi III,excavation_site,Noviye Kluchi III,,,Russia,,noviyekluchiiii,data/adna/governance/source_library/papers/10.1038-s41586-021-04018-9/supplementary/41586_2021_4018_MOESM5_ESM.xlsx,supplementary_spreadsheet_row,SI Table 1!row233,"LOR18x4_Rus_m1844 | 53.338939 N, 51.870031 E | Noviye Kluchi III | Russia | DOM2 | cemetery, Bronze Age Pokrovka Culture | 218273 | 3525 | 30 | -1938 | -1750 | 1844 | 3794 | F | this study | 1 | 3 | 3 | 194533311 | 100012006 | 294545317 | - | - | - | 105.22103055700001 | 0.65363021928800003 | 1.0300"
PRJEB44430,Equus caballus,supplementary_table,sample_owned_locality,2,Novoilinka-III,Novoilinka-III,excavation_site,Novoilinka-III,,,Russia,,novoilinkaiii,data/adna/governance/source_library/papers/10.1038-s41586-021-04018-9/supplementary/41586_2021_4018_MOESM5_ESM.xlsx,supplementary_spreadsheet_row,SI Table 1!row240,"Nov3x10_Rus_m3443 | 53.546361 N, 79.350056 E | Novoilinka-III | Russia | BOTAI | settlement, Eneolithic | 199241 | 4665 | 20 | -3516 | -3370 | 3443 | 5393 | F | this study | 1 | 4 | 4 | 2604894329 | 446053154 | 3050947483 | - | - | - | 269.27801078499999 | 4.9366489462400001 | 9.2000000000000003E-4 "
PRJEB44430,Equus caballus,supplementary_table,sample_owned_locality,3,Novoilinka-VI,Novoilinka-VI,excavation_site,Novoilinka-VI,,,Russia,,novoilinkavi,data/adna/governance/source_library/papers/10.1038-s41586-021-04018-9/supplementary/41586_2021_4018_MOESM5_ESM.xlsx,supplementary_spreadsheet_row,SI Table 1!row242,"Nov6x11_Rus_m3217 | 53.546361 N, 79.350056 E | Novoilinka-VI | Russia | BOTAI | settlement, Eneolithic | 224901 | 4485 | 20 | -3340 | -3093 | 3217 | 5167 | F | this study | 1 | 4 | 4 | 126119449 | 41045450 | 167164899 | - | - | - | 75.1270820851 | 1.4296478699199999 | 1.039E-3 | 0.90283402725299999 "
PRJEB44430,Equus caballus,supplementary_table,sample_owned_locality,2,Novoil’inovskiy 2,Novoil’inovskiy 2,excavation_site,Novoil’inovskiy 2,,,Kazakhstan,,novoilinovskiy2,data/adna/governance/source_library/papers/10.1038-s41586-021-04018-9/supplementary/41586_2021_4018_MOESM5_ESM.xlsx,supplementary_spreadsheet_row,SI Table 1!row182,"Novoil1_Kaz_m1832 | 52.6401793 N, 62.7610338 E | Novoil’inovskiy 2  | Kazakhstan | DOM2 | cemetery, Bronze Age Petrovka Culture | - | - | - | - | - | 1832 | 3782 | M | this study | 1 | 3 | 3 | 276156724 | 19388034 | 295544758 | - | - | - | 252.54907130000001 | 4.4861168721100002 | 1.0560000000000001"
PRJEB44430,Equus caballus,supplementary_table,sample_owned_locality,1,Oroshaemoe I,Oroshaemoe I,excavation_site,Oroshaemoe I,,,Russia,,oroshaemoei,data/adna/governance/source_library/papers/10.1038-s41586-021-04018-9/supplementary/41586_2021_4018_MOESM5_ESM.xlsx,supplementary_spreadsheet_row,SI Table 1!row126,"RN96_Rus_m4586 | 50.157528 N, 48.527694 E | Oroshaemoe I | Russia | NEO-NCAS | settlement, Neolithic North Caspian Culture | 223201 | 5730 | 15 | -4673 | -4498 | 4586 | 6536 | F | this study | 1 | 3 | 3 | 170234597 | 3827582 | 174062179 | - | - | - | 48.534032354700003 | 2.1023346482699998 | 1.255E-"
PRJEB44430,Equus caballus,supplementary_table,sample_owned_locality,2,Ouren,Ouren,excavation_site,Ouren,,,Russia,,ouren,data/adna/governance/source_library/papers/10.1038-s41586-021-04018-9/supplementary/41586_2021_4018_MOESM5_ESM.xlsx,supplementary_spreadsheet_row,SI Table 1!row238,"LOR18x23_Rus_m1796 | 53.44725 N, 48.942667 E | Ouren | Russia | DOM2 | burial site, Bronze Age Pokrovka Culture | 218279 | 3490 | 30 | -1892 | -1699 | 1796 | 3746 | F | this study | 1 | 4 | 4 | 458582679 | 255927532 | 714510211 | - | - | - | 931.39592570399998 | 5.7690759093999997 | 1.13799999999999"
PRJEB44430,Equus caballus,supplementary_table,sample_owned_locality,6,Pershinskaya,Pershinskaya,excavation_site,Pershinskaya,,,Russia,,pershinskaya,data/adna/governance/source_library/papers/10.1038-s41586-021-04018-9/supplementary/41586_2021_4018_MOESM5_ESM.xlsx,supplementary_spreadsheet_row,SI Table 1!row254,"RN109_Rus_m13477 | 57.45 N, 61.45 E | Pershinskaya | Russia | URAL | cave, Upper Palaeolithic | 208875 | 12900 | 30 | -13624 | -13330 | 13477 | 15427 | F | this study | 1 | 3 | 3 | 214993046 | 126811420 | 341804466 | - | - | - | 595.87597363700002 | 2.9971994471999999 | 9.2400000000000002E-4 | 1.954"
PRJEB44430,Equus caballus,supplementary_table,sample_owned_locality,1,Pielgrzymowice 6,Pielgrzymowice 6,excavation_site,Pielgrzymowice 6,,,Poland,,pielgrzymowice6,data/adna/governance/source_library/papers/10.1038-s41586-021-04018-9/supplementary/41586_2021_4018_MOESM5_ESM.xlsx,supplementary_spreadsheet_row,SI Table 1!row123,"PLPie2_Pol_m1532 | 50.143 N, 20.04672 E | Pielgrzymowice 6 | Poland | DOM2 | settlement, Early Bronze Age Trzciniec Culture | 218295 | 3260 | 30 | -1613 | -1450 | 1532 | 3482 | M | this study | 1 | 5 | 5 | 324902488 | 111958924 | 436861412 | - | - | - | 116.471839425 | 3.8687158144599998 | 6.7199999"
PRJEB44430,Equus caballus,supplementary_table,sample_owned_locality,1,Pietrele,Pietrele,excavation_site,Pietrele,,,Romania,,pietrele,data/adna/governance/source_library/papers/10.1038-s41586-021-04018-9/supplementary/41586_2021_4018_MOESM5_ESM.xlsx,supplementary_spreadsheet_row,SI Table 1!row45,"Pie13_Rom_m4425 | 44.067779 N, 26.156737 E | Pietrele | Romania | ENEO-ROM | settlement, Gumelnița Culture | 218288 | 5600 | 30 | -4494 | -4355 | 4425 | 6375 | F | this study | 2 | 6 | 6 | 674246366 | 106599678 | 780846044 | - | - | - | 611.77603355300005 | 2.9800512771399998 | 9.7599999999999998E-4"
PRJEB44430,Equus caballus,supplementary_table,sample_owned_locality,2,Potapovka,Potapovka,excavation_site,Potapovka,,,Russia,,potapovka,data/adna/governance/source_library/papers/10.1038-s41586-021-04018-9/supplementary/41586_2021_4018_MOESM5_ESM.xlsx,supplementary_spreadsheet_row,SI Table 1!row245,"DaAn01_Rus_m1883 | 53.658 N, 50.668444 E | Potapovka | Russia | DOM2 | burial site, Late Bronze Age, Potapovka culture, 2,025-1,740 cal BCE | - | - | - | - | - | 1883 | 3833 | F | this study | 1 | 3 | 3 | 228849190 | 41650650 | 270499840 | - | - | - | 24.170041941299999 | 1.0241486175400001 | 7.6499"
PRJEB44430,Equus caballus,supplementary_table,sample_owned_locality,2,Repin khutor,Repin khutor,excavation_site,Repin khutor,,,Russia,,repinkhutor,data/adna/governance/source_library/papers/10.1038-s41586-021-04018-9/supplementary/41586_2021_4018_MOESM5_ESM.xlsx,supplementary_spreadsheet_row,SI Table 1!row91,"LOR18x09_Rus_m3089 | 49.215583 N, 43.904556 E | Repin khutor | Russia | C-PONT | settlement, Eneolithic/Bronze Age Repin Culture | 218275 | 4400 | 30 | -3265 | -2913 | 3089 | 5039 | M | this study | 1 | 4 | 4 | 1093481209 | 597556564 | 1691037773 | - | - | - | 512.87807070099996 | 5.0662024105799999"
PRJEB44430,Equus caballus,supplementary_table,sample_owned_locality,3,Ridala,Ridala,excavation_site,Ridala,,,Estonia,,ridala,data/adna/governance/source_library/papers/10.1038-s41586-021-04018-9/supplementary/41586_2021_4018_MOESM5_ESM.xlsx,supplementary_spreadsheet_row,SI Table 1!row262,"Esto8_Est_m654 | 58.4552 N, 23.0326 E | Ridala | Estonia | DOM2 | fortified settlement, Late Bronze Age | 189992 | 2485 | 20 | -768 | -540 | 654 | 2604 | M | this study | 1 | 3 | 3 | 118033555 | 57676790 | 175710345 | - | - | - | 793.18915518300003 | 1.4643414477500001 | 1.142E-3 | 0.941534732261000"
PRJEB44430,Equus caballus,supplementary_table,sample_owned_locality,1,Sagzabad,Sagzabad,excavation_site,Sagzabad,,,Iran,,sagzabad,data/adna/governance/source_library/papers/10.1038-s41586-021-04018-9/supplementary/41586_2021_4018_MOESM5_ESM.xlsx,supplementary_spreadsheet_row,SI Table 1!row9,"SAGS27_Ira_m1102 | 35.773 N, 49.938 E | Sagzabad | Iran | DOM2 | settlement, Late Bronze/Iron Age | 190001 | 2900 | 15 | -1191 | -1012 | 1102 | 3052 | M | this study | 1 | 4 | 4 | 420561558 | 169090368 | 589651926 | - | - | - | 80.163451168400002 | 2.4547248965700001 | 1.1360000000000001E-3 | 1.4419"
PRJEB44430,Equus caballus,supplementary_table,sample_owned_locality,1,Semenovka 1,Semenovka 1,excavation_site,Semenovka 1,,,Ukraine,,semenovka1,data/adna/governance/source_library/papers/10.1038-s41586-021-04018-9/supplementary/41586_2021_4018_MOESM5_ESM.xlsx,supplementary_spreadsheet_row,SI Table 1!row66,"Ukr11_Ukr_m4185 | 46.86888889 N, 35.43305556 E | Semenovka 1 | Ukraine | Ukr11 | settlement, Eneolithic Dereivka Culture | 224904 | 5340 | 20 | -4315 | -4054 | 4185 | 6135 | F | this study | 2 | 8 | 8 | 469587215 | 125917394 | 595504609 | - | - | - | 16.611264230100002 | 0.266936531197 | 9.740000000"
PRJEB44430,Equus caballus,supplementary_table,sample_owned_locality,1,Serpievskaya,Serpievskaya,excavation_site,Serpievskaya,,,Russia,,serpievskaya,data/adna/governance/source_library/papers/10.1038-s41586-021-04018-9/supplementary/41586_2021_4018_MOESM5_ESM.xlsx,supplementary_spreadsheet_row,SI Table 1!row247,"RN131_Rus_m17769 | 54.833333 N, 57.883333 E | Serpievskaya | Russia | URAL | cave, Upper Palaeolithic | 208888 | 16345 | 45 | -17921 | -17617 | 17769 | 19719 | M | this study | 1 | 4 | 4 | 104525131 | 20354054 | 124879185 | - | - | - | 182.518154584 | 2.9548061436599999 | 7.7700000000000002E-4 | 1.9"
PRJEB44430,Equus caballus,supplementary_table,sample_owned_locality,1,Shiderty III,Shiderty III,excavation_site,Shiderty III,,,Kazakhstan,,shidertyiii,data/adna/governance/source_library/papers/10.1038-s41586-021-04018-9/supplementary/41586_2021_4018_MOESM5_ESM.xlsx,supplementary_spreadsheet_row,SI Table 1!row166,"Shid1_Kaz_m10458 | 51.639256 N, 74.654947 E | Shiderty III | Kazakhstan | Shid1 | settlement, debated stratigraphy and age | 199653 | 10475 | 30 | -10669 | -10247 | 10458 | 12408 | M | this study | 1 | 4 | 4 | 959135283 | 210337858 | 1169473141 | - | - | - | 154.74325943700001 | 2.20450052709 | 9.16"
PRJEB44430,Equus caballus,supplementary_table,sample_owned_locality,1,Shilikty 5,Shilikty 5,excavation_site,Shilikty 5,,,Kazakhstan,,shilikty5,data/adna/governance/source_library/papers/10.1038-s41586-021-04018-9/supplementary/41586_2021_4018_MOESM5_ESM.xlsx,supplementary_spreadsheet_row,SI Table 1!row69,"KZ2019x1a_Kaz_m293 | 47.237169 N, 84.542033 E | Shilikty 5 | Kazakhstan | DOM2 | cemetery, 4th century BCE | 223205 | 2235 | 15 | -380 | -206 | 293 | 2243 | M | this study | 1 | 2 | 2 | 156275352 | 28929998 | 185205350 | - | - | - | 149.86602756100001 | 3.8580530687999999 | 7.9799999999999999E-4 | 2"
PRJEB44430,Equus caballus,supplementary_table,sample_owned_locality,1,Sholma-1,Sholma-1,excavation_site,Sholma-1,,,Russia,,sholma1,data/adna/governance/source_library/papers/10.1038-s41586-021-04018-9/supplementary/41586_2021_4018_MOESM5_ESM.xlsx,supplementary_spreadsheet_row,SI Table 1!row251,"Sho1x2_Rus_m7500 | 55.883333 N, 47.491667 E | Sholma-1 | Russia | Sho1x2 | settlement, Mesolithic, Ust-Kama Culture | - | - | - | - | - | 7500 | 9450 | M | this study | 1 | 4 | 4 | 121653644 | 25396950 | 147050594 | - | - | - | 64.282983822600002 | 1.4710263239700001 | 1.369E-3 | 0.90946377666599998"
PRJEB44430,Equus caballus,supplementary_table,sample_owned_locality,1,Sigarra,Sigarra,excavation_site,Sigarra,,,Spain,,sigarra,data/adna/governance/source_library/papers/10.1038-s41586-021-04018-9/supplementary/41586_2021_4018_MOESM5_ESM.xlsx,supplementary_spreadsheet_row,SI Table 1!row40,"UE172_Spa_m317 | 41.7075 N, 1.54222 E | Sigarra | Spain | DOM2 | settlement, Ancient Iberian (pre-Roman occupation) | 190012 | 2290 | 15 | -400 | -234 | 317 | 2267 | F | this study | 1 | 3 | 3 | 243026108 | 12553028 | 255579136 | - | - | - | 104.055422409 | 3.71453308697 | 1.111E-3 | 2.4159957439299"
PRJEB44430,Equus caballus,supplementary_table,sample_owned_locality,2,Sintashta,Sintashta,excavation_site,Sintashta,,,Russia,,sintashta,data/adna/governance/source_library/papers/10.1038-s41586-021-04018-9/supplementary/41586_2021_4018_MOESM5_ESM.xlsx,supplementary_spreadsheet_row,SI Table 1!row180,"NB44_Rus_m1856 | 52.486359 N, 60.187925 E | Sintashta | Russia | DOM2 | fortified settlement, Bronze Age Sintastha Culture | 229415 | 3535 | 20 | -1938 | -1773 | 1856 | 3806 | M | this study | 1 | 4 | 4 | 170206422 | 22550524 | 192756946 | - | - | - | 334.084122229 | 1.69288566047 | 9.16999999999999"
PRJEB44430,Equus caballus,supplementary_table,sample_owned_locality,5,Sosnovka,Sosnovka,excavation_site,Sosnovka,,,Russia,,sosnovka,data/adna/governance/source_library/papers/10.1038-s41586-021-04018-9/supplementary/41586_2021_4018_MOESM5_ESM.xlsx,supplementary_spreadsheet_row,SI Table 1!row157,"UR17x20_Rus_m1356 | 51.566667 N, 45.783333 E | Sosnovka | Russia | DOM2 | settlement, Final Bronze Age Ivanovka Culture (around the neck of ceramic vessels) | 199282 | 3090 | 15 | -1418 | -1294 | 1356 | 3306 | M | this study | 1 | 5 | 5 | 380019305 | 51921720 | 431941025 | - | - | - | 196.8495506289"
PRJEB44430,Equus caballus,supplementary_table,sample_owned_locality,1,Stránská skála,Stránská skála,excavation_site,Stránská skála,,,Czech Republic,,stránskáskála,data/adna/governance/source_library/papers/10.1038-s41586-021-04018-9/supplementary/41586_2021_4018_MOESM5_ESM.xlsx,supplementary_spreadsheet_row,SI Table 1!row85,"PRA84_Cze_m3236 | 49.19081 N, 16.67640 E | Stránská skála | Czech Republic | ENEO-CZE | settlement, Early Eneolithic clay pit with Funnel Beaker and Boleráz Cultures ceramic | 218463 | 4540 | 15 | -3364 | -3108 | 3236 | 5186 | M | this study | 1 | 3 | 3 | 575992668 | 50150690 | 626143358 | - | - | -"
PRJEB44430,Equus caballus,supplementary_table,sample_owned_locality,1,Tarquinia,Tarquinia,excavation_site,Tarquinia,,,Italy,,tarquinia,data/adna/governance/source_library/papers/10.1038-s41586-021-04018-9/supplementary/41586_2021_4018_MOESM5_ESM.xlsx,supplementary_spreadsheet_row,SI Table 1!row42,"Tarquinia3298_Ita_m657 | 42.249167 N, 11.756111 E | Tarquinia | Italy | DOM2 | monumental complex, Iron Age Etruscan Culture | 229408 | 2495 | 20 | -771 | -543 | 657 | 2607 | M | this study | 1 | 4 | 4 | 361962266 | 12572102 | 374534368 | - | - | - | 278.77064110200001 | 6.1934818495600004 | 1.011E-"
PRJEB44430,Equus caballus,supplementary_table,sample_owned_locality,4,Tatsyn Ereg,Tatsyn Ereg,excavation_site,Tatsyn Ereg,,,Mongolia,,tatsynereg,data/adna/governance/source_library/papers/10.1038-s41586-021-04018-9/supplementary/41586_2021_4018_MOESM5_ESM.xlsx,supplementary_spreadsheet_row,SI Table 1!row70,"GVA9010_Mon_m1057 | 47.750843 N, 101.369458 E | Tatsyn Ereg | Mongolia | DOM2 | burial site, Bronze Age Deer Stone Complex (*4) | - | - | - | - | - | 1057 | 3007 | M | this study | 1 | 1 | 1 | 21579662 | 2488414 | 24068076 | - | - | - | 3.3479328939499999 | 0.104975158651 | 1.4480000000000001E-3 | 6"
PRJEB44430,Equus caballus,supplementary_table,sample_owned_locality,3,Tepe Hasanlu,Tepe Hasanlu,excavation_site,Tepe Hasanlu,,,Iran,,tepehasanlu,data/adna/governance/source_library/papers/10.1038-s41586-021-04018-9/supplementary/41586_2021_4018_MOESM5_ESM.xlsx,supplementary_spreadsheet_row,SI Table 1!row15,"Hasanlu2327_Ira_m768 | 37.004486 N, 45.458817 E | Tepe Hasanlu | Iran | DOM2 | fortified settlement, Iron Age (*5) | - | - | - | - | - | 768 | 2718 | M | this study | 1 | 4 | 4 | 131679122 | 41688494 | 173367616 | - | - | - | 203.45805871799999 | 1.3017264228300001 | 1.2030000000000001E-3 | 0.724522"
PRJEB44430,Equus caballus,supplementary_table,sample_owned_locality,1,Tištín,Tištín,excavation_site,Tištín,,,Czech Republic,,tištín,data/adna/governance/source_library/papers/10.1038-s41586-021-04018-9/supplementary/41586_2021_4018_MOESM5_ESM.xlsx,supplementary_spreadsheet_row,SI Table 1!row96,"PRA62_Cze_m1249 | 49.31300 N, 17.15314  E | Tištín | Czech Republic | DOM2 | settlement, Bell Beaker Culture feature | 208893 | 2995 | 20 | -1371 | -1127 | 1249 | 3199 | M | this study | 1 | 5 | 5 | 503250545 | 306569170 | 809819715 | - | - | - | 1096.2704014399999 | 2.1985038134999999 | 1.092000000"
PRJEB44430,Equus caballus,supplementary_table,sample_owned_locality,1,Toušeň – Hradišťko,Toušeň – Hradišťko,excavation_site,Toušeň – Hradišťko,,,Czech Republic,,toušeňhradišťko,data/adna/governance/source_library/papers/10.1038-s41586-021-04018-9/supplementary/41586_2021_4018_MOESM5_ESM.xlsx,supplementary_spreadsheet_row,SI Table 1!row127,"PRA9_Cze_m1845 | 50.16813 N, 14.72267 E | Toušeň – Hradišťko | Czech Republic | DOM2 | settlement, cultural layers containing Middle Eneolithic and Early Bronze Age ceramic | 208866 | 3520 | 15 | -1920 | -1769 | 1845 | 3795 | M | this study | 3 | 20 | 20 | 1428975293 | 261392956 | 1690368249 | - | -"
PRJEB44430,Equus caballus,supplementary_table,sample_owned_locality,1,Tuchoměřice,Tuchoměřice,excavation_site,Tuchoměřice,,,Czech Republic,,tuchoměřice,data/adna/governance/source_library/papers/10.1038-s41586-021-04018-9/supplementary/41586_2021_4018_MOESM5_ESM.xlsx,supplementary_spreadsheet_row,SI Table 1!row122,"PRA64_Cze_m1110 | 50.13493 N, 14.28531 E | Tuchoměřice | Czech Republic | DOM2 | settlement, Late Bronze Age Knovíz/Štítary Culture | 208894 | 2915 | 15 | -1202 | -1018 | 1110 | 3060 | M | this study | 1 | 4 | 4 | 482000525 | 394690068 | 876690593 | - | - | - | 54.661713601000002 | 1.737004014120000"
PRJEB44430,Equus caballus,supplementary_table,sample_owned_locality,1,Tuchoměřice – Kněžívka,Tuchoměřice – Kněžívka,excavation_site,Tuchoměřice – Kněžívka,,,Czech Republic,,tuchoměřicekněžívka,data/adna/governance/source_library/papers/10.1038-s41586-021-04018-9/supplementary/41586_2021_4018_MOESM5_ESM.xlsx,supplementary_spreadsheet_row,SI Table 1!row119,"PRA68_Cze_m1310 | 50.12523 N, 14.26973 E | Tuchoměřice – Kněžívka | Czech Republic | DOM2 | settlement, Late Bronze Age Knovíz Culture | 208895 | 3045 | 15 | -1391 | -1228 | 1310 | 3260 | F | this study | 1 | 3 | 3 | 670448143 | 368380582 | 1038828725 | - | - | - | 114.007010186 | 1.95141189129 | 1."
PRJEB44430,Equus caballus,supplementary_table,sample_owned_locality,1,Tureau des Gardes 6,Tureau des Gardes 6,excavation_site,Tureau des Gardes 6,,,France,,tureaudesgardes6,data/adna/governance/source_library/papers/10.1038-s41586-021-04018-9/supplementary/41586_2021_4018_MOESM5_ESM.xlsx,supplementary_spreadsheet_row,SI Table 1!row78,"BPTDG1_Fra_m11800 | 48.387245 N, 3.007653 E | Tureau des Gardes 6 | France | LP-NFR | Magdalenian site, Bølling-Allerød interstadial period | - | 12290 | 90 | 12896 | -12090 | 11800 | 13750 | M | this study | 1 | 6 | 6 | 518765030 | 40894844 | 559659874 | - | - | - | 333.27747154000002 | 1.037112425"
PRJEB44430,Equus caballus,supplementary_table,sample_owned_locality,5,Turganik,Turganik,excavation_site,Turganik,,,Russia,,turganik,data/adna/governance/source_library/papers/10.1038-s41586-021-04018-9/supplementary/41586_2021_4018_MOESM5_ESM.xlsx,supplementary_spreadsheet_row,SI Table 1!row188,"LOR18x15_Rus_m2763 | 52.80375 N, 53.793639 E | Turganik | Russia | TURG | settlement, Bronze Age Yamnaya Culture | 218276 | 4185 | 30 | -2889 | -2636 | 2763 | 4713 | F | this study | 1 | 4 | 4 | 647576484 | 154744158 | 802320642 | - | - | - | 364.29916117400001 | 6.1206810552100004 | 1.0839999999999"
PRJEB44430,Equus caballus,supplementary_table,sample_owned_locality,1,Ulaan Tolgoi,Ulaan Tolgoi,excavation_site,Ulaan Tolgoi,,,Mongolia,,ulaantolgoi,data/adna/governance/source_library/papers/10.1038-s41586-021-04018-9/supplementary/41586_2021_4018_MOESM5_ESM.xlsx,supplementary_spreadsheet_row,SI Table 1!row111,"M17x126x1_Mon_m942 | 49.931778 N, 99.804167 E | Ulaan Tolgoi | Mongolia | DOM2 | burial site, Late Bronze Age Deer Stone Complex | - | 2800 | 40 | -1051 | -832 | 942 | 2892 | M | this study | 1 | 4 | 4 | 586735806 | 141016152 | 727751958 | - | - | - | 257.62240862800002 | 7.7879839542399996 | 1.168E"
PRJEB44430,Equus caballus,supplementary_table,sample_owned_locality,1,Ullu,Ullu,excavation_site,Ullu,,,Russia,,ullu,data/adna/governance/source_library/papers/10.1038-s41586-021-04018-9/supplementary/41586_2021_4018_MOESM5_ESM.xlsx,supplementary_spreadsheet_row,SI Table 1!row44,"BZNK169x1_Rus_m871 | 43.79028 N, 42.7278 E | Ullu | Russia | DOM2 | cemetery, Iron Age Late Scythian period | 229413 | 2735 | 25 | -926 | -816 | 871 | 2821 | M | this study | 1 | 4 | 4 | 57447359 | 6551732 | 63999091 | - | - | - | 442.834751348 | 1.2880162548 | 1.15E-3 | 0.80462789402799995 | 4.4299"
PRJEB44430,Equus caballus,supplementary_table,sample_owned_locality,1,Ushgiin Uvur,Ushgiin Uvur,excavation_site,Ushgiin Uvur,,,Mongolia,,ushgiinuvur,data/adna/governance/source_library/papers/10.1038-s41586-021-04018-9/supplementary/41586_2021_4018_MOESM5_ESM.xlsx,supplementary_spreadsheet_row,SI Table 1!row108,"Ushx9_Rus_m775 | 49.655567 N, 99.9271 E | Ushgiin Uvur | Mongolia | DOM2 | burial site, Bronze Age Deer Stone Complex ~800-750 BCE | - | - | - | - | - | 775 | 2725 | M | this study | 1 | 1 | 1 | 226718927 | 23781650 | 250500577 | - | - | - | 80.286878370300002 | 1.9444442038700001 | 1.145E-3 | 1.126"
PRJEB44430,Equus caballus,supplementary_table,sample_owned_locality,3,Utevka VI,Utevka VI,excavation_site,Utevka VI,,,Russia,,utevkavi,data/adna/governance/source_library/papers/10.1038-s41586-021-04018-9/supplementary/41586_2021_4018_MOESM5_ESM.xlsx,supplementary_spreadsheet_row,SI Table 1!row206,"RN02_Rus_m1825 | 52.918694 N, 50.962611 E | Utevka VI | Russia | DOM2 | burial site, Late Bronze Age, Potapovka Culture | 208876 | 3515 | 15 | -1899 | -1751 | 1825 | 3775 | M | this study | 1 | 3 | 3 | 134492864 | 33715582 | 168208446 | - | - | - | 135.662911923 | 1.6613143241799999 | 8.469999999999"
PRJEB44430,Equus caballus,supplementary_table,sample_owned_locality,1,Uvarovka II,Uvarovka II,excavation_site,Uvarovka II,,,Russia,,uvarovkaii,data/adna/governance/source_library/papers/10.1038-s41586-021-04018-9/supplementary/41586_2021_4018_MOESM5_ESM.xlsx,supplementary_spreadsheet_row,SI Table 1!row209,"RN09_Rus_m1851 | 53.116583 N, 48.351833 E | Uvarovka II | Russia | DOM2 | burial site, Late Bronze Age, Pokrovka Culture | 208884 | 3530 | 15 | -1928 | -1773 | 1851 | 3801 | F | this study | 1 | 3 | 3 | 110655807 | 83587770 | 194243577 | - | - | - | 41.439964050299999 | 2.92095541659 | 5.83999999999"
PRJEB44430,Equus caballus,supplementary_table,sample_owned_locality,2,Varfolomeevka,Varfolomeevka,excavation_site,Varfolomeevka,,,Russia,,varfolomeevka,data/adna/governance/source_library/papers/10.1038-s41586-021-04018-9/supplementary/41586_2021_4018_MOESM5_ESM.xlsx,supplementary_spreadsheet_row,SI Table 1!row120,"Var2_Rus_m5544 | 50.133333 N, 48.05 E | Varfolomeevka | Russia | NEO-NCAS | settlement, Neolithic Orlovka Culture | 223199 | 6580 | 15 | -5609 | -5478 | 5544 | 7494 | F | this study | 1 | 3 | 3 | 237497739 | 13393206 | 250890945 | - | - | - | 129.82630317600001 | 2.95003850751 | 1.0009999999999999E-"
PRJEB44430,Equus caballus,supplementary_table,sample_owned_locality,2,Verkhnegubakhinskaya,Verkhnegubakhinskaya,excavation_site,Verkhnegubakhinskaya,,,Russia,,verkhnegubakhinskaya,data/adna/governance/source_library/papers/10.1038-s41586-021-04018-9/supplementary/41586_2021_4018_MOESM5_ESM.xlsx,supplementary_spreadsheet_row,SI Table 1!row265,"RN120_Rus_m30192 | 58.883333 N, 57.633333 E | Verkhnegubakhinskaya | Russia | URAL | cave, Upper Palaeolithic | 208885 | 27960 | 180 | -30903 | -29481 | 30192 | 32142 | M | this study | 1 | 3 | 3 | 85427114 | 30553674 | 115980788 | - | - | - | 31.423127621300001 | 1.47983587459 | 1.0460000000000001E"
PRJEB44430,Equus caballus,supplementary_table,sample_owned_locality,1,Vliněves,Vliněves,excavation_site,Vliněves,,,Czech Republic,,vliněves,data/adna/governance/source_library/papers/10.1038-s41586-021-04018-9/supplementary/41586_2021_4018_MOESM5_ESM.xlsx,supplementary_spreadsheet_row,SI Table 1!row138,"PRA77_Cze_m624 | 50.36361 N, 14.44931 E | Vliněves | Czech Republic | DOM2 | settlement, polycultural site | 218297 | 2480 | 30 | -772 | -476 | 624 | 2574 | M | this study | 1 | 3 | 3 | 266800484 | 42127346 | 308927830 | - | - | - | 577.82007189900003 | 5.0873262829300003 | 9.5299999999999996E-4 | 3"
PRJEB44430,Equus caballus,supplementary_table,sample_owned_locality,4,Yana,Yana,excavation_site,Yana,,,Russia,,yana,data/adna/governance/source_library/papers/10.1038-s41586-021-04018-9/supplementary/41586_2021_4018_MOESM5_ESM.xlsx,supplementary_spreadsheet_row,SI Table 1!row272,"R17x2_Rus_INF | 70.723611 N, 135.413056 E | Yana | Russia | ELEN | natural depression, Late Pleistocene, Infinite radiocarbon dating | 199284 | >51700 | - | - | - | >51700 BP | >51700 BP | M | this study | 1 | 5 | 5 | 48481511 | 72876866 | 121358377 | - | - | - | 82.083702816100001 | 2.9829138843099"
PRJEB44430,Equus caballus,supplementary_table,sample_owned_locality,1,Yukagir,Yukagir,excavation_site,Yukagir,,,Russia,,yukagir,data/adna/governance/source_library/papers/10.1038-s41586-021-04018-9/supplementary/41586_2021_4018_MOESM5_ESM.xlsx,supplementary_spreadsheet_row,SI Table 1!row276,"Rus30x31_Rus_m3435 | 72.69086 N, 142.821769 E | Yukagir | Russia | ELEN | thawing deposit, Mid-Holocene | - | 4630 | 35 | -3516 | -3353 | 3435 | 5385 | F | this study | 2 | 6 | 6 | 227309312 | 26547690 | 253857002 | - | - | - | 991.36536848399999 | 4.1136567388499996 | 5.3399999999999997E-4 | 2.2961"
PRJEB44430,Equus caballus,supplementary_table,sample_owned_locality,1,Zambujal,Zambujal,excavation_site,Zambujal,,,Portugal,,zambujal,data/adna/governance/source_library/papers/10.1038-s41586-021-04018-9/supplementary/41586_2021_4018_MOESM5_ESM.xlsx,supplementary_spreadsheet_row,SI Table 1!row29,"Zam9_Por_m2559 | 39.0744 N, -9.2857 E | Zambujal | Portugal | IBE | fortified settlement, Eneolithic Bell Beaker Culture | 199281 | 4050 | 15 | -2628 | -2490 | 2559 | 4509 | M | this study | 1 | 4 | 4 | 410251650 | 29621606 | 439873256 | - | - | - | 29.049011384100002 | 2.2564203059299999 | 1.129E-3"
PRJEB44430,Equus caballus,supplementary_table,sample_owned_locality,1,Zeerdegchingiin Khoshuu,Zeerdegchingiin Khoshuu,excavation_site,Zeerdegchingiin Khoshuu,,,Mongolia,,zeerdegchingiinkhoshuu,data/adna/governance/source_library/papers/10.1038-s41586-021-04018-9/supplementary/41586_2021_4018_MOESM5_ESM.xlsx,supplementary_spreadsheet_row,SI Table 1!row151,"M17x159_Mon_m1136 | 51.421361 N, 99.364611 E | Zeerdegchingiin Khoshuu | Mongolia | DOM2 | burial site, Late Bronze Age Deer Stone Complex | - | 2934 | 31 | -1255 | -1016 | 1136 | 3086 | M | this study | 1 | 3 | 3 | 518300131 | 66667112 | 584967243 | - | - | - | 354.97741162400001 | 10.7478907013999"
PRJEB44430,Equus caballus,supplementary_table,sample_owned_locality,3,Zunii Gol,Zunii Gol,excavation_site,Zunii Gol,,,Mongolia,,zuniigol,data/adna/governance/source_library/papers/10.1038-s41586-021-04018-9/supplementary/41586_2021_4018_MOESM5_ESM.xlsx,supplementary_spreadsheet_row,SI Table 1!row93,"M17x172_Mon_m987 | 49.309444 N, 99.849722 E | Zunii Gol | Mongolia | DOM2 | burial site, Late Bronze Age Deer Stone Complex | 190018 | 2835 | 15 | -1047 | -926 | 987 | 2937 | M | this study | 1 | 4 | 4 | 209724475 | 35982610 | 245707085 | - | - | - | 184.58891551799999 | 4.9731119654100002 | 9.81000"
PRJEB44430,Equus caballus,supplementary_table,sample_owned_locality,1,Zuunkhangai 1,Zuunkhangai 1,excavation_site,Zuunkhangai 1,,,Mongolia,,zuunkhangai1,data/adna/governance/source_library/papers/10.1038-s41586-021-04018-9/supplementary/41586_2021_4018_MOESM5_ESM.xlsx,supplementary_spreadsheet_row,SI Table 1!row97,"M17x140x1_Mon_m1116 | 49.325583 N, 95.442278 E | Zuunkhangai 1 | Mongolia | DOM2 | burial site, Late Bronze Age Deer Stone Complex | - | 2922 | 30 | -1215 | -1016 | 1116 | 3066 | M | this study | 1 | 4 | 4 | 237338696 | 40607708 | 277946404 | - | - | - | 193.65134811300001 | 5.7069256245800002 | 1.0"
PRJEB44430,Equus caballus,supplementary_table,sample_owned_locality,1,Zuunkhangai 257,Zuunkhangai 257,excavation_site,Zuunkhangai 257,,,Mongolia,,zuunkhangai257,data/adna/governance/source_library/papers/10.1038-s41586-021-04018-9/supplementary/41586_2021_4018_MOESM5_ESM.xlsx,supplementary_spreadsheet_row,SI Table 1!row98,"M17x188_Mon_m1010 | 49.325583 N, 95.442278 E | Zuunkhangai 257 | Mongolia | DOM2 | burial site, Late Bronze Age Deer Stone Complex | - | 2836 | 30 | -1109 | -910 | 1010 | 2960 | F | this study | 1 | 4 | 4 | 168906981 | 16436670 | 185343651 | - | - | - | 92.422947872999998 | 3.1568852922400001 | 9.71"
PRJEB44430,Equus caballus,supplementary_table,sample_owned_locality,3,Çadır Höyük,Çadır Höyük,excavation_site,Çadır Höyük,,,Turkey,,çadırhöyük,data/adna/governance/source_library/papers/10.1038-s41586-021-04018-9/supplementary/41586_2021_4018_MOESM5_ESM.xlsx,supplementary_spreadsheet_row,SI Table 1!row30,"CD1819_Tur_m1299 | 39.676776 N, 35.1436 E | Çadır Höyük | Turkey | DOM2 | settlement, Late Bronze Age Hittite Empire/Culture | 199641 | 3025 | 20 | -1386 | -1212 | 1299 | 3249 | M | this study | 1 | 4 | 4 | 177688006 | 34147776 | 211835782 | - | - | - | 389.77908927499999 | 3.0174443697400002 | 7.73"
PRJEB44430,Equus caballus,supplementary_table,sample_owned_locality,1,Černý Vůl,Černý Vůl,excavation_site,Černý Vůl,,,Czech Republic,,černývůl,data/adna/governance/source_library/papers/10.1038-s41586-021-04018-9/supplementary/41586_2021_4018_MOESM5_ESM.xlsx,supplementary_spreadsheet_row,SI Table 1!row124,"PRA32_Cze_m787 | 50.14943 N, 14.33203 E | Černý Vůl | Czech Republic | DOM2 | settlement, Early Hallstatt Culture intrusion in Neolithic feature | 208892 | 2580 | 15 | -800 | -773 | 787 | 2737 | M | this study | 1 | 3 | 3 | 155594342 | 24264962 | 179859304 | - | - | - | 238.58502097100001 | 2.113281"
